"month_start","active_at_start","churned_customers","retention_rate_pct"
"2023-02-01","66","1","98.48"
"2023-03-01","112","1","99.11"
"2023-04-01","151","2","98.68"
"2023-05-01","199","1","99.50"
"2023-06-01","249","2","99.20"
"2023-07-01","286","2","99.30"
"2023-08-01","323","6","98.14"
"2023-09-01","357","9","97.48"
"2023-10-01","380","13","96.58"
"2023-11-01","406","3","99.26"
"2023-12-01","445","13","97.08"
"2024-01-01","478","7","98.54"
"2024-02-01","511","9","98.24"
"2024-03-01","543","11","97.97"
"2024-04-01","574","9","98.43"
"2024-05-01","604","13","97.85"
"2024-06-01","643","12","98.13"
"2024-07-01","664","11","98.34"
"2024-08-01","700","12","98.29"
"2024-09-01","730","10","98.63"
"2024-10-01","762","14","98.16"
"2024-11-01","785","11","98.60"
"2024-12-01","832","8","99.04"
"2025-01-01","879","11","98.75"
"2025-02-01","921","9","99.02"
"2025-03-01","951","13","98.63"
"2025-04-01","998","16","98.40"
"2025-05-01","1029","8","99.22"
"2025-06-01","1066","21","98.03"
"2025-07-01","1093","9","99.18"
"2025-08-01","1135","8","99.30"
"2025-09-01","1189","17","98.57"
"2025-10-01","1214","21","98.27"
"2025-11-01","1245","15","98.80"
"2025-12-01","1274","14","98.90"
"2026-01-01","1306","21","98.39"
"2026-02-01","1336","18","98.65"
"2026-03-01","1364","15","98.90"
"2026-04-01","1399","25","98.21"
"2026-05-01","1422","24","98.31"
"2026-06-01","1440","17","98.82"
"2026-07-01","1473","22","98.51"
"2026-08-01","1442","41","97.16"
"2026-09-01","1390","38","97.27"
