"month_start","active_at_start","churned_customers","churn_rate_pct"
"2023-02-01","66","1","1.52"
"2023-03-01","112","1","0.89"
"2023-04-01","151","2","1.32"
"2023-05-01","199","1","0.50"
"2023-06-01","249","2","0.80"
"2023-07-01","286","2","0.70"
"2023-08-01","323","6","1.86"
"2023-09-01","357","9","2.52"
"2023-10-01","380","13","3.42"
"2023-11-01","406","3","0.74"
"2023-12-01","445","13","2.92"
"2024-01-01","478","7","1.46"
"2024-02-01","511","9","1.76"
"2024-03-01","543","11","2.03"
"2024-04-01","574","9","1.57"
"2024-05-01","604","13","2.15"
"2024-06-01","643","12","1.87"
"2024-07-01","664","11","1.66"
"2024-08-01","700","12","1.71"
"2024-09-01","730","10","1.37"
"2024-10-01","762","14","1.84"
"2024-11-01","785","11","1.40"
"2024-12-01","832","8","0.96"
"2025-01-01","879","11","1.25"
"2025-02-01","921","9","0.98"
"2025-03-01","951","13","1.37"
"2025-04-01","998","16","1.60"
"2025-05-01","1029","8","0.78"
"2025-06-01","1066","21","1.97"
"2025-07-01","1093","9","0.82"
"2025-08-01","1135","8","0.70"
"2025-09-01","1189","17","1.43"
"2025-10-01","1214","21","1.73"
"2025-11-01","1245","15","1.20"
"2025-12-01","1274","14","1.10"
"2026-01-01","1306","21","1.61"
"2026-02-01","1336","18","1.35"
"2026-03-01","1364","15","1.10"
"2026-04-01","1399","25","1.79"
"2026-05-01","1422","24","1.69"
"2026-06-01","1440","17","1.18"
"2026-07-01","1473","22","1.49"
"2026-08-01","1442","41","2.84"
"2026-09-01","1390","38","2.73"
