"month","monthly_revenue","total_payments","successful_payments","payment_success_rate"
"2023-01-01","419.86","14","14","100.00"
"2023-02-01","1347.81","22","21","95.45"
"2023-03-01","549.81","22","19","86.36"
"2023-04-01","719.71","30","29","96.67"
"2023-05-01","979.62","40","38","95.00"
"2023-06-01","1059.56","50","44","88.00"
"2023-07-01","1379.42","62","58","93.55"
"2023-08-01","1569.36","69","64","92.75"
"2023-09-01","1789.29","79","71","89.87"
"2023-10-01","1769.23","84","77","91.67"
"2023-11-01","1829.26","86","74","86.05"
"2023-12-01","2089.15","93","85","91.40"
"2024-01-01","2977.12","101","90","89.11"
"2024-02-01","3167.02","110","100","90.91"
"2024-03-01","3386.96","117","106","90.60"
"2024-04-01","3018.84","125","116","92.80"
"2024-05-01","3747.69","139","132","94.96"
"2024-06-01","3687.74","140","127","90.71"
"2024-07-01","3658.56","155","144","92.90"
"2024-08-01","4047.54","159","147","92.45"
"2024-09-01","3818.49","160","151","94.38"
"2024-10-01","4556.44","172","158","91.86"
"2024-11-01","4137.42","178","159","89.33"
"2024-12-01","3938.44","186","156","83.87"
"2025-01-01","4717.27","194","174","89.69"
"2025-02-01","5536.14","203","188","92.61"
"2025-03-01","5506.06","214","196","91.59"
"2025-04-01","5067.94","221","206","93.21"
"2025-05-01","5336.95","234","206","88.03"
"2025-06-01","5606.88","239","213","89.12"
"2025-07-01","5397.85","239","215","89.96"
"2025-08-01","7003.81","249","223","89.56"
"2025-09-01","5267.77","254","223","87.80"
"2025-10-01","6925.55","265","247","93.21"
"2025-11-01","6826.53","271","248","91.51"
"2025-12-01","6866.52","281","249","88.61"
"2026-01-01","7655.35","289","267","92.39"
"2026-02-01","8224.32","299","271","90.64"
"2026-03-01","7466.32","302","269","89.07"
"2026-04-01","8166.14","312","287","91.99"
"2026-05-01","8594.12","314","291","92.68"
"2026-06-01","7637.06","317","294","92.74"
"2026-07-01","7437.18","313","282","90.10"
"2026-08-01","7696.22","305","279","91.48"
"2026-09-01","7475.37","292","265","90.75"
