subscription_id,customer_id,plan_id,start_date,end_date,status
1,1,2,2026-01-31,,active
2,2,2,2025-05-10,,active
3,3,1,2026-02-04,,active
4,4,2,2025-12-31,,active
5,5,2,2025-11-10,,active
6,6,3,2023-05-02,,active
7,7,1,2024-04-11,,active
8,8,2,2026-05-23,2026-08-01,cancelled
9,9,2,2023-11-27,2024-11-10,cancelled
10,10,2,2023-03-29,2024-06-15,expired
11,10,1,2024-07-01,,active
12,11,4,2026-01-28,,active
13,12,2,2025-05-21,,active
14,13,3,2023-05-11,2024-10-16,expired
15,14,3,2025-02-08,,active
16,15,2,2023-12-10,2024-12-27,cancelled
17,15,3,2025-01-26,,active
18,16,1,2025-03-16,,active
19,17,1,2024-01-21,,active
20,18,2,2026-04-30,2026-09-08,cancelled
21,19,1,2025-08-13,2025-11-26,cancelled
22,20,1,2023-10-04,,active
23,21,2,2026-03-30,,active
24,22,2,2024-04-04,,active
25,23,2,2023-01-22,,active
26,24,3,2023-09-10,2024-12-17,expired
27,25,2,2025-01-17,2025-07-14,cancelled
28,26,2,2025-05-06,,active
29,27,3,2024-04-19,2025-01-23,cancelled
30,28,1,2025-12-18,,active
31,29,1,2024-05-25,2025-09-22,cancelled
32,30,2,2024-11-30,2025-06-25,expired
33,31,2,2025-09-02,,active
34,32,2,2023-07-09,,active
35,33,2,2025-08-15,2026-09-15,cancelled
36,34,1,2024-11-17,2026-04-22,cancelled
37,35,5,2025-08-15,2026-03-17,cancelled
38,36,3,2024-07-16,2025-06-29,cancelled
39,36,1,2025-07-17,2026-07-23,cancelled
40,37,1,2026-06-21,,active
41,38,2,2025-04-11,2025-10-13,expired
42,39,2,2026-02-28,2026-06-29,expired
43,40,2,2024-10-08,,active
44,41,2,2023-01-21,2023-08-11,cancelled
45,41,1,2023-09-12,,active
46,42,1,2025-04-20,,active
47,43,3,2023-06-16,,active
48,44,3,2024-01-23,,active
49,45,1,2024-08-23,2025-11-05,expired
50,46,4,2023-11-12,,active
51,47,3,2023-01-14,2023-04-06,expired
52,47,1,2023-05-16,,active
53,48,1,2023-08-30,,active
54,49,2,2025-02-15,,active
55,50,1,2024-07-18,,active
56,51,4,2025-06-16,,active
57,52,1,2023-04-02,2023-12-30,cancelled
58,52,1,2024-01-25,,active
59,53,3,2025-08-13,,active
60,54,3,2024-05-23,,active
61,55,3,2025-02-14,,active
62,56,5,2023-02-04,,active
63,57,1,2023-07-25,,active
64,58,2,2026-01-09,,active
65,59,5,2025-10-22,,active
66,60,1,2025-10-18,2026-02-02,expired
67,61,1,2024-07-19,2025-08-18,cancelled
68,61,5,2025-09-25,,active
69,62,3,2026-02-03,,active
70,63,1,2024-12-03,,active
71,64,2,2024-02-06,2025-06-04,cancelled
72,65,3,2024-12-30,2026-01-21,cancelled
73,66,3,2023-06-11,2024-08-11,cancelled
74,67,2,2023-07-21,,active
75,68,3,2025-09-22,2026-07-15,expired
76,69,1,2023-09-27,,active
77,70,2,2025-03-26,2025-05-06,cancelled
78,71,3,2024-03-31,2024-08-31,cancelled
79,72,2,2026-06-29,,active
80,73,4,2025-10-13,,active
81,74,1,2023-10-23,2024-01-24,cancelled
82,75,2,2024-12-20,,active
83,76,3,2023-12-04,2024-10-18,expired
84,76,3,2024-12-02,2025-04-30,cancelled
85,76,1,2025-05-27,2026-08-17,cancelled
86,77,3,2025-05-28,2026-03-20,cancelled
87,77,1,2026-04-09,,active
88,78,2,2025-12-12,,active
89,79,1,2025-03-02,,active
90,80,1,2023-08-05,,active
91,81,2,2025-02-02,,active
92,82,2,2023-07-07,2024-12-28,cancelled
93,82,3,2025-01-30,2026-03-10,expired
94,83,4,2024-01-15,,active
95,84,2,2024-05-07,2025-02-23,expired
96,85,1,2025-11-30,,active
97,86,1,2026-03-26,,active
98,87,2,2023-01-15,,active
99,88,2,2023-03-06,,active
100,89,2,2024-06-04,,active
101,90,3,2026-02-26,,active
102,91,1,2024-10-09,2025-07-16,cancelled
103,91,1,2025-07-21,,active
104,92,2,2025-12-22,,active
105,93,2,2026-03-08,2026-09-09,cancelled
106,94,1,2024-08-15,2025-10-08,cancelled
107,95,2,2024-01-27,2024-08-10,expired
108,96,3,2024-02-23,2024-10-08,cancelled
109,97,2,2023-10-16,,active
110,98,2,2024-01-14,,active
111,99,3,2023-08-19,,active
112,100,2,2025-10-14,2026-08-26,cancelled
113,100,1,2026-09-05,2026-09-30,cancelled
114,101,5,2023-02-10,,active
115,102,4,2025-11-17,,active
116,103,1,2023-05-15,2023-10-17,cancelled
117,104,4,2023-07-20,,active
118,105,3,2025-02-18,,active
119,106,4,2025-07-18,,active
120,107,4,2025-11-22,,active
121,108,5,2025-12-07,,active
122,109,1,2024-05-17,,active
123,110,3,2024-02-11,,active
124,111,1,2025-03-15,,active
125,112,1,2023-04-09,2023-09-18,expired
126,113,4,2024-11-14,,active
127,114,2,2024-12-26,,active
128,115,2,2025-08-18,,active
129,116,2,2024-09-04,,active
130,117,1,2024-10-04,2025-03-20,expired
131,118,2,2025-10-25,,active
132,119,1,2026-05-26,,active
133,120,3,2024-05-17,,active
134,121,2,2025-02-05,,active
135,122,2,2024-02-02,2024-10-20,expired
136,123,3,2025-05-20,2026-05-02,expired
137,124,5,2025-03-05,,active
138,125,1,2024-01-28,,active
139,126,2,2023-07-26,2024-06-19,cancelled
140,127,1,2025-11-04,,active
141,128,2,2025-06-10,,active
142,129,3,2025-05-13,2026-09-04,expired
143,130,2,2025-01-12,2026-05-09,cancelled
144,131,2,2026-06-18,,active
145,132,3,2024-07-17,,active
146,133,2,2025-10-17,,active
147,134,1,2023-04-06,,active
148,135,1,2024-04-29,,active
149,136,3,2023-08-19,,active
150,137,3,2025-01-18,,active
151,138,3,2026-04-09,2026-08-07,cancelled
152,138,4,2026-09-05,,active
153,139,3,2024-06-24,2024-09-25,expired
154,139,2,2024-10-29,,active
155,140,1,2025-11-25,,active
156,141,3,2024-06-08,2025-08-25,cancelled
157,142,1,2026-03-29,,active
158,143,2,2026-06-20,2026-08-15,cancelled
159,144,5,2026-01-14,2026-03-13,cancelled
160,145,2,2024-07-31,,active
161,146,3,2024-11-12,2025-10-16,cancelled
162,147,1,2024-07-10,,active
163,148,4,2025-10-09,2026-08-02,expired
164,149,1,2024-10-07,2024-11-17,cancelled
165,149,3,2024-12-26,2026-04-22,cancelled
166,150,4,2025-03-06,2026-07-31,cancelled
167,151,4,2025-11-17,,active
168,152,3,2026-06-08,,active
169,153,1,2023-07-09,2023-09-01,cancelled
170,154,2,2026-06-02,,active
171,155,2,2024-09-24,2025-12-11,expired
172,156,3,2024-09-19,2025-05-23,expired
173,157,4,2025-08-30,,active
174,158,3,2024-12-10,,active
175,159,1,2024-10-10,2026-03-02,cancelled
176,160,1,2023-11-14,,active
177,161,4,2026-06-02,2026-09-06,cancelled
178,161,5,2026-09-26,2026-09-30,cancelled
179,162,3,2026-06-11,,active
180,163,4,2024-11-14,,active
181,164,1,2024-10-25,,active
182,165,1,2026-06-10,2026-09-03,cancelled
183,165,1,2026-09-12,,active
184,166,2,2026-02-10,,active
185,167,4,2024-03-17,2025-03-01,cancelled
186,168,2,2024-07-17,2025-11-09,cancelled
187,169,1,2026-02-10,2026-08-31,cancelled
188,170,2,2025-08-09,,active
189,171,1,2026-01-09,2026-07-09,cancelled
190,172,1,2024-11-29,,active
191,173,2,2023-04-23,,active
192,174,1,2023-01-02,2023-03-03,cancelled
193,175,2,2024-10-03,,active
194,176,2,2023-08-08,2024-10-08,expired
195,176,1,2024-10-22,,active
196,177,5,2025-05-04,,active
197,178,1,2026-06-02,,active
198,179,2,2024-01-20,,active
199,180,1,2026-02-27,,active
200,181,3,2025-12-12,2026-06-29,expired
201,182,2,2024-12-30,,active
202,183,1,2023-09-04,,active
203,184,2,2025-04-15,2026-04-07,expired
204,184,3,2026-04-26,,active
205,185,3,2023-07-22,2024-02-06,expired
206,186,2,2026-04-22,,active
207,187,1,2023-05-03,,active
208,188,2,2024-02-05,2025-06-16,cancelled
209,189,1,2025-02-05,,active
210,190,1,2023-10-21,,active
211,191,2,2023-10-07,,active
212,192,1,2025-06-02,,active
213,193,2,2023-07-17,2023-10-11,cancelled
214,194,1,2025-09-08,,active
215,195,3,2025-01-21,2026-07-05,expired
216,195,4,2026-08-18,2026-09-18,expired
217,196,4,2023-05-24,,active
218,197,2,2024-08-31,,active
219,198,3,2026-05-09,2026-09-13,expired
220,199,1,2026-02-21,,active
221,200,1,2023-07-06,2024-10-24,cancelled
222,201,2,2024-04-08,2025-01-13,cancelled
223,202,1,2024-10-21,,active
224,203,1,2025-02-02,,active
225,204,2,2025-08-12,,active
226,205,3,2024-02-07,,active
227,206,2,2023-05-27,,active
228,207,3,2026-03-17,2026-06-08,cancelled
229,208,1,2025-05-13,2025-12-31,expired
230,209,2,2024-05-03,,active
231,210,2,2025-07-17,,active
232,211,1,2024-07-04,,active
233,212,2,2023-12-04,2024-08-08,cancelled
234,213,2,2025-05-21,,active
235,214,2,2024-10-02,,active
236,215,1,2024-04-17,2024-10-14,expired
237,216,2,2023-05-31,2024-08-05,cancelled
238,216,4,2024-08-27,,active
239,217,2,2023-09-20,,active
240,218,2,2023-05-24,2024-06-06,cancelled
241,219,1,2023-12-12,2024-03-21,cancelled
242,219,4,2024-04-29,,active
243,220,2,2024-09-15,2026-02-11,expired
244,221,2,2025-10-13,2026-07-11,cancelled
245,222,5,2025-05-30,2026-09-15,expired
246,223,1,2023-01-02,2023-10-01,cancelled
247,224,2,2025-06-15,,active
248,225,2,2023-09-11,2024-03-19,cancelled
249,225,2,2024-04-05,2024-12-04,expired
250,226,2,2024-03-28,,active
251,227,4,2025-11-26,,active
252,228,3,2026-03-29,,active
253,229,3,2025-10-11,,active
254,230,2,2023-01-09,,active
255,231,1,2026-06-10,2026-08-21,expired
256,232,3,2026-01-27,2026-06-06,cancelled
257,233,1,2025-03-26,,active
258,234,2,2023-07-27,,active
259,235,4,2026-02-28,,active
260,236,1,2024-02-08,2025-01-11,cancelled
261,237,1,2023-06-01,,active
262,238,1,2023-02-23,,active
263,239,1,2026-02-17,,active
264,240,4,2024-09-19,,active
265,241,2,2024-08-09,,active
266,242,4,2023-04-14,,active
267,243,2,2023-09-11,2024-06-10,cancelled
268,244,2,2026-06-04,,active
269,245,3,2026-02-09,,active
270,246,2,2024-05-24,2025-04-28,cancelled
271,246,2,2025-05-18,2026-09-10,expired
272,247,2,2023-04-09,2023-10-03,cancelled
273,248,4,2023-06-02,,active
274,249,1,2025-07-02,2026-09-19,cancelled
275,250,1,2025-05-27,2026-02-02,cancelled
276,251,4,2023-12-04,,active
277,252,3,2025-04-01,,active
278,253,1,2026-04-01,2026-07-14,cancelled
279,253,3,2026-07-23,2026-09-04,cancelled
280,254,2,2025-08-14,2025-11-14,cancelled
281,254,1,2025-12-12,,active
282,255,1,2023-06-10,,active
283,256,1,2025-03-11,2026-04-28,cancelled
284,257,2,2024-02-02,,active
285,258,1,2025-03-26,,active
286,259,3,2026-03-04,,active
287,260,2,2026-05-03,,active
288,261,4,2024-02-05,2024-06-01,cancelled
289,262,3,2024-10-01,,active
290,263,2,2025-11-22,,active
291,264,1,2024-11-18,,active
292,265,4,2024-04-04,,active
293,266,4,2025-08-12,2026-08-05,cancelled
294,266,2,2026-08-16,,active
295,267,1,2024-04-14,,active
296,268,2,2025-11-11,,active
297,269,1,2025-01-19,,active
298,270,3,2023-02-07,,active
299,271,4,2023-08-18,2024-09-21,cancelled
300,272,2,2024-07-16,,active
301,273,3,2024-03-13,2025-08-03,cancelled
302,274,4,2023-01-27,,active
303,275,2,2023-08-14,,active
304,276,2,2025-03-08,,active
305,277,1,2023-10-11,2023-12-02,cancelled
306,278,1,2025-05-28,,active
307,279,5,2025-08-17,2026-07-04,cancelled
308,280,5,2024-03-28,2025-09-11,cancelled
309,281,2,2025-10-16,2026-01-22,expired
310,282,3,2025-03-26,2025-10-04,expired
311,283,3,2024-10-20,,active
312,284,2,2024-06-30,,active
313,285,2,2026-04-30,2026-05-31,cancelled
314,285,1,2026-06-19,2026-08-03,cancelled
315,286,3,2025-12-08,2026-02-16,cancelled
316,287,2,2023-01-17,,active
317,288,3,2026-04-10,,active
318,289,2,2026-05-28,,active
319,290,1,2023-06-07,2024-02-04,cancelled
320,290,3,2024-02-27,,active
321,291,1,2024-04-21,,active
322,292,5,2025-12-05,2026-04-27,cancelled
323,292,4,2026-06-09,,active
324,293,1,2024-06-01,2024-08-05,expired
325,294,1,2023-04-09,2024-08-31,expired
326,294,1,2024-09-18,,active
327,295,4,2025-11-26,,active
328,296,2,2023-10-07,,active
329,297,1,2024-05-11,,active
330,298,5,2023-10-29,,active
331,299,1,2023-06-30,2024-02-18,expired
332,299,1,2024-03-18,,active
333,300,2,2024-08-29,,active
334,301,1,2026-01-27,,active
335,302,4,2024-11-30,2025-03-18,cancelled
336,302,3,2025-04-27,,active
337,303,1,2025-09-19,,active
338,304,1,2026-02-13,,active
339,305,1,2023-07-10,2024-08-16,expired
340,305,2,2024-09-13,2026-02-06,expired
341,306,3,2023-09-10,,active
342,307,2,2025-09-07,,active
343,308,1,2025-07-16,2025-11-06,expired
344,308,3,2025-11-23,2026-06-19,expired
345,308,3,2026-07-26,2026-09-17,cancelled
346,309,3,2026-03-30,2026-07-01,expired
347,309,2,2026-07-21,2026-09-12,expired
348,310,3,2023-05-08,2024-05-02,cancelled
349,311,3,2023-01-18,2023-05-03,expired
350,312,3,2024-07-19,2025-10-22,expired
351,313,1,2024-07-23,,active
352,314,2,2024-11-16,2026-03-22,cancelled
353,314,2,2026-04-01,,active
354,315,2,2024-09-17,2025-06-30,cancelled
355,316,3,2025-05-03,,active
356,317,3,2025-08-19,2025-11-02,expired
357,317,3,2025-11-13,2026-06-07,cancelled
358,318,1,2023-06-04,,active
359,319,2,2024-05-04,2025-07-25,expired
360,320,1,2025-02-23,2025-10-24,cancelled
361,321,3,2026-02-01,2026-04-15,cancelled
362,322,1,2023-09-03,,active
363,323,5,2026-04-14,,active
364,324,1,2025-11-28,,active
365,325,4,2025-01-28,,active
366,326,1,2024-06-21,2024-08-30,cancelled
367,326,1,2024-09-22,,active
368,327,2,2025-07-09,,active
369,328,1,2024-02-12,,active
370,329,2,2024-06-08,2024-08-26,expired
371,330,3,2025-04-07,,active
372,331,3,2025-06-21,2026-03-20,expired
373,331,3,2026-04-15,,active
374,332,3,2023-02-05,2024-02-10,expired
375,332,2,2024-03-11,,active
376,333,3,2024-11-15,,active
377,334,3,2023-01-20,2023-05-01,expired
378,334,3,2023-05-07,2023-10-27,expired
379,335,3,2023-11-17,,active
380,336,3,2024-05-26,,active
381,337,1,2024-02-04,2025-06-30,cancelled
382,338,1,2024-10-15,,active
383,339,3,2025-08-29,2026-01-25,cancelled
384,339,2,2026-03-09,2026-04-28,cancelled
385,339,2,2026-05-25,2026-08-23,expired
386,340,4,2024-04-15,2025-05-25,expired
387,340,1,2025-06-23,,active
388,341,4,2026-03-12,2026-08-18,cancelled
389,341,1,2026-08-25,2026-09-26,cancelled
390,342,5,2026-01-20,2026-06-18,expired
391,342,4,2026-07-03,2026-09-01,expired
392,343,1,2025-04-13,,active
393,344,3,2024-12-27,,active
394,345,1,2025-05-03,2026-09-07,expired
395,346,1,2023-02-20,,active
396,347,3,2024-07-28,2025-12-12,cancelled
397,347,3,2026-01-20,,active
398,348,4,2026-04-28,2026-09-03,expired
399,349,2,2026-02-22,2026-09-30,expired
400,350,2,2023-05-30,2024-04-11,cancelled
401,350,3,2024-05-13,,active
402,351,1,2023-11-10,,active
403,352,3,2024-07-23,,active
404,353,2,2023-11-01,,active
405,354,1,2024-11-12,,active
406,355,2,2025-04-17,2026-06-29,cancelled
407,356,3,2025-12-13,,active
408,357,1,2025-09-29,2026-04-08,expired
409,358,5,2024-03-19,2024-12-29,cancelled
410,359,1,2024-09-04,,active
411,360,3,2025-09-19,2026-08-21,cancelled
412,361,2,2023-09-21,2024-03-09,cancelled
413,362,3,2025-12-12,,active
414,363,3,2025-09-30,,active
415,364,3,2023-01-05,2024-05-27,cancelled
416,365,3,2026-01-31,,active
417,366,2,2026-05-04,,active
418,367,4,2025-02-12,2025-12-19,expired
419,368,2,2025-05-26,,active
420,369,2,2025-09-18,,active
421,370,4,2025-06-02,2026-04-08,cancelled
422,371,1,2023-02-16,2024-01-09,cancelled
423,372,1,2025-05-16,2025-11-17,expired
424,372,3,2025-12-21,,active
425,373,1,2025-04-02,,active
426,374,1,2025-07-24,2026-02-24,cancelled
427,374,1,2026-04-06,2026-06-12,cancelled
428,375,5,2024-10-17,2025-02-10,cancelled
429,376,1,2023-09-26,2024-01-25,expired
430,376,1,2024-02-02,,active
431,377,5,2024-01-05,2024-08-28,cancelled
432,378,1,2024-09-27,,active
433,379,5,2026-02-03,2026-06-09,cancelled
434,379,3,2026-06-19,2026-09-05,expired
435,380,3,2024-10-18,,active
436,381,1,2023-04-30,2024-09-06,cancelled
437,382,1,2025-04-10,,active
438,383,3,2025-12-17,,active
439,384,5,2025-01-10,2025-07-11,cancelled
440,385,1,2023-04-27,,active
441,386,2,2025-03-01,,active
442,387,2,2026-02-24,,active
443,388,2,2025-10-09,2026-01-10,cancelled
444,389,1,2025-12-17,2026-03-17,cancelled
445,389,4,2026-04-02,2026-05-03,cancelled
446,390,3,2024-09-25,,active
447,391,3,2024-05-27,,active
448,392,1,2025-03-12,2025-12-26,expired
449,392,2,2026-01-19,,active
450,393,3,2026-01-24,,active
451,394,2,2026-02-15,2026-09-01,cancelled
452,395,2,2024-07-13,2025-05-06,cancelled
453,396,5,2024-05-02,2025-02-17,cancelled
454,396,3,2025-03-07,2025-04-28,cancelled
455,397,1,2026-06-14,,active
456,398,3,2025-06-15,,active
457,399,3,2026-04-27,,active
458,400,2,2024-12-04,2025-07-26,expired
459,401,5,2024-08-03,2025-12-27,cancelled
460,402,2,2025-02-28,,active
461,403,3,2025-05-10,2026-06-09,cancelled
462,404,3,2023-09-04,2024-08-08,cancelled
463,405,4,2026-01-04,,active
464,406,1,2023-06-03,2023-08-11,cancelled
465,407,2,2025-09-23,2026-05-19,cancelled
466,408,3,2026-01-14,,active
467,409,1,2024-11-27,2025-05-16,cancelled
468,409,1,2025-05-21,2025-10-11,expired
469,410,1,2026-05-28,2026-07-19,expired
470,411,4,2025-12-28,2026-08-21,cancelled
471,412,2,2025-12-06,2026-05-29,cancelled
472,413,3,2025-10-05,2026-01-30,expired
473,414,3,2023-04-04,,active
474,415,5,2025-08-15,,active
475,416,2,2025-10-08,2026-03-19,cancelled
476,416,3,2026-03-24,2026-05-25,cancelled
477,417,2,2024-03-28,,active
478,418,5,2026-05-12,2026-07-12,cancelled
479,418,2,2026-08-24,,active
480,419,3,2025-06-30,,active
481,420,2,2023-08-06,2024-12-20,cancelled
482,420,2,2025-01-08,2026-06-07,expired
483,420,2,2026-07-01,,active
484,421,1,2024-04-18,,active
485,422,1,2024-03-07,2025-01-14,cancelled
486,423,3,2023-12-07,,active
487,424,2,2024-07-04,2025-04-05,cancelled
488,425,3,2023-12-23,2024-10-20,cancelled
489,426,2,2023-01-23,2024-06-02,cancelled
490,426,3,2024-06-07,2025-07-25,cancelled
491,427,5,2024-06-05,2025-10-19,cancelled
492,428,4,2026-01-28,,active
493,429,2,2025-03-12,,active
494,430,2,2026-04-18,,active
495,431,1,2026-05-31,,active
496,432,2,2025-01-31,,active
497,433,3,2024-03-17,2025-06-25,cancelled
498,434,1,2025-02-07,,active
499,435,1,2025-10-12,2026-05-31,cancelled
500,436,2,2024-05-30,2025-05-24,expired
501,437,4,2025-11-05,2026-08-11,expired
502,438,1,2025-03-02,,active
503,439,1,2023-12-02,2024-04-05,expired
504,440,1,2023-09-15,,active
505,441,2,2024-05-11,,active
506,442,1,2025-06-14,2025-11-19,cancelled
507,442,2,2025-12-08,,active
508,443,1,2023-06-09,2023-09-02,cancelled
509,444,3,2025-05-01,,active
510,445,2,2024-11-20,,active
511,446,1,2024-01-15,,active
512,447,3,2025-08-14,2025-12-04,expired
513,448,5,2024-11-21,2026-05-08,expired
514,449,2,2026-04-06,,active
515,450,3,2025-12-02,2026-09-14,expired
516,451,3,2023-10-12,2024-01-17,cancelled
517,451,5,2024-01-29,2024-05-02,cancelled
518,452,2,2024-02-01,2024-07-01,cancelled
519,453,4,2023-01-12,,active
520,454,2,2026-06-30,,active
521,455,2,2024-05-13,2025-06-20,cancelled
522,456,1,2025-01-23,2026-05-10,cancelled
523,457,3,2023-02-04,2023-10-11,cancelled
524,458,3,2024-12-27,2026-01-19,cancelled
525,459,3,2025-04-28,,active
526,460,3,2023-03-31,,active
527,461,1,2025-02-14,,active
528,462,3,2024-08-27,,active
529,463,2,2025-08-27,2026-01-22,cancelled
530,464,2,2025-10-18,,active
531,465,2,2024-02-22,,active
532,466,3,2023-04-25,,active
533,467,1,2024-09-08,,active
534,468,1,2026-05-04,,active
535,469,1,2025-04-05,2025-11-07,expired
536,470,1,2026-01-03,2026-07-26,cancelled
537,471,4,2024-02-17,,active
538,472,3,2024-12-29,2025-12-03,cancelled
539,472,1,2025-12-31,,active
540,473,4,2025-10-17,,active
541,474,2,2025-01-30,2026-01-30,expired
542,475,1,2024-11-06,,active
543,476,2,2024-04-01,,active
544,477,3,2025-07-08,,active
545,478,1,2023-07-11,,active
546,479,3,2025-01-08,2025-11-20,cancelled
547,479,4,2025-12-17,,active
548,480,1,2026-01-27,,active
549,481,1,2025-09-04,,active
550,482,5,2025-10-05,,active
551,483,2,2023-04-06,2024-07-24,cancelled
552,483,5,2024-08-30,,active
553,484,2,2024-10-24,,active
554,485,1,2026-04-28,,active
555,486,1,2023-02-06,2023-11-25,expired
556,487,3,2023-10-06,,active
557,488,1,2023-08-05,,active
558,489,1,2025-05-16,,active
559,490,5,2025-05-22,,active
560,491,3,2023-03-03,2023-08-07,cancelled
561,492,1,2024-08-18,,active
562,493,3,2024-12-29,,active
563,494,4,2024-02-01,,active
564,495,3,2024-11-29,,active
565,496,1,2025-11-08,,active
566,497,5,2023-06-26,,active
567,498,4,2024-01-31,2025-03-05,cancelled
568,498,5,2025-04-03,,active
569,499,2,2024-03-20,2024-08-09,cancelled
570,500,1,2026-06-10,2026-08-29,cancelled
571,501,1,2023-03-17,2023-10-21,cancelled
572,502,2,2023-09-22,,active
573,503,4,2024-03-30,,active
574,504,1,2024-12-18,,active
575,505,1,2025-01-04,,active
576,506,1,2025-04-30,,active
577,507,5,2023-05-24,,active
578,508,3,2025-06-03,,active
579,509,1,2025-12-28,2026-08-10,cancelled
580,510,4,2026-01-27,,active
581,511,1,2024-01-31,2024-03-07,cancelled
582,512,1,2025-11-14,2026-09-17,cancelled
583,513,1,2025-08-05,,active
584,514,2,2025-06-09,,active
585,515,1,2026-03-20,,active
586,516,1,2026-03-13,2026-05-08,cancelled
587,517,1,2024-07-22,2025-03-21,expired
588,518,4,2025-11-28,,active
589,519,2,2023-04-19,,active
590,520,2,2025-12-01,2026-02-26,expired
591,520,1,2026-04-03,,active
592,521,1,2026-04-24,,active
593,522,4,2025-07-23,2025-09-13,expired
594,523,1,2024-02-02,,active
595,524,2,2026-05-31,2026-09-25,expired
596,525,3,2024-09-25,,active
597,526,2,2026-03-02,,active
598,527,3,2026-04-01,,active
599,528,5,2026-05-23,2026-07-10,cancelled
600,528,1,2026-08-04,,active
601,529,2,2025-01-02,,active
602,530,3,2023-08-23,,active
603,531,1,2024-10-19,,active
604,532,2,2025-01-20,2025-12-24,expired
605,533,2,2024-08-10,2025-08-09,cancelled
606,533,2,2025-08-29,,active
607,534,2,2025-10-29,2026-06-12,cancelled
608,535,3,2026-01-02,,active
609,536,3,2025-08-11,2026-01-08,cancelled
610,536,1,2026-02-05,2026-03-11,expired
611,537,2,2024-05-06,,active
612,538,2,2025-07-01,2026-09-02,cancelled
613,539,1,2026-06-30,,active
614,540,4,2026-06-07,,active
615,541,1,2026-04-12,,active
616,542,1,2026-04-06,2026-08-09,expired
617,543,1,2023-06-19,2024-03-19,cancelled
618,544,4,2025-08-03,,active
619,545,1,2025-03-05,,active
620,546,1,2024-09-25,,active
621,547,2,2026-05-02,2026-07-31,expired
622,548,2,2023-01-29,2024-02-18,cancelled
623,549,1,2026-04-03,,active
624,550,1,2023-12-05,,active
625,551,3,2024-05-14,2025-03-23,expired
626,551,4,2025-04-13,,active
627,552,4,2024-05-25,,active
628,553,5,2023-08-05,,active
629,554,1,2026-03-01,,active
630,555,1,2025-12-29,2026-05-30,cancelled
631,556,3,2026-06-29,2026-08-19,cancelled
632,557,2,2024-03-20,,active
633,558,1,2025-05-25,2026-08-31,cancelled
634,559,1,2026-04-20,,active
635,560,2,2023-06-16,2023-12-21,cancelled
636,561,1,2023-04-01,2023-09-01,expired
637,562,5,2024-12-14,,active
638,563,2,2023-02-08,,active
639,564,1,2026-02-23,,active
640,565,2,2023-06-22,,active
641,566,5,2024-10-14,2025-01-01,cancelled
642,566,2,2025-01-27,2025-04-18,cancelled
643,567,3,2025-01-23,,active
644,568,2,2026-05-28,2026-08-03,expired
645,569,3,2025-12-17,,active
646,570,1,2024-04-20,,active
647,571,3,2024-03-31,,active
648,572,5,2025-04-08,2026-01-30,cancelled
649,573,2,2025-06-13,2026-01-02,cancelled
650,573,2,2026-01-25,2026-06-14,expired
651,574,3,2025-10-21,2026-03-22,cancelled
652,575,3,2024-01-22,,active
653,576,5,2023-12-14,,active
654,577,4,2023-07-09,,active
655,578,4,2024-05-19,,active
656,579,4,2026-04-29,,active
657,580,2,2025-04-03,,active
658,581,1,2025-07-17,,active
659,582,2,2025-07-22,2025-10-23,expired
660,582,2,2025-12-03,,active
661,583,4,2026-02-14,2026-04-18,expired
662,584,2,2023-05-14,2023-11-20,cancelled
663,585,3,2023-02-27,,active
664,586,5,2024-11-15,,active
665,587,3,2024-11-02,,active
666,588,1,2023-06-22,,active
667,589,2,2025-03-25,,active
668,590,3,2026-03-18,,active
669,591,4,2023-03-21,,active
670,592,1,2025-06-04,2026-01-23,expired
671,593,1,2026-05-21,,active
672,594,3,2023-07-22,,active
673,595,1,2025-02-02,,active
674,596,1,2026-06-06,,active
675,597,3,2026-06-04,,active
676,598,5,2023-02-16,,active
677,599,5,2026-06-10,2026-08-13,cancelled
678,599,3,2026-09-03,,active
679,600,1,2026-03-12,2026-08-04,expired
680,601,2,2024-10-17,2025-03-28,cancelled
681,601,4,2025-04-13,,active
682,602,5,2024-04-15,,active
683,603,2,2025-08-28,,active
684,604,5,2025-11-01,,active
685,605,1,2025-01-05,2025-12-06,cancelled
686,606,3,2025-02-22,,active
687,607,5,2025-08-25,2026-03-05,expired
688,608,4,2023-12-24,2024-10-04,expired
689,609,1,2025-08-29,2026-04-24,expired
690,609,2,2026-05-15,,active
691,610,4,2024-10-29,2025-10-21,cancelled
692,610,1,2025-12-02,,active
693,611,2,2024-01-08,,active
694,612,1,2025-10-28,,active
695,613,2,2026-02-19,,active
696,614,2,2024-11-06,2025-11-29,expired
697,614,3,2026-01-04,,active
698,615,4,2023-03-31,,active
699,616,1,2024-11-28,,active
700,617,2,2026-04-16,,active
701,618,4,2024-06-23,2025-03-03,cancelled
702,619,3,2025-01-01,2026-05-09,expired
703,620,5,2025-05-18,2025-08-09,cancelled
704,620,3,2025-08-19,2026-04-16,cancelled
705,621,3,2023-02-10,2023-12-15,cancelled
706,622,2,2025-01-09,2025-02-24,cancelled
707,623,4,2024-05-16,,active
708,624,2,2025-08-16,,active
709,625,2,2026-03-14,2026-08-09,cancelled
710,625,4,2026-09-09,2026-09-30,cancelled
711,626,2,2026-05-09,,active
712,627,3,2025-07-17,,active
713,628,3,2024-04-05,,active
714,629,1,2025-01-01,,active
715,630,2,2025-01-21,2025-08-01,cancelled
716,630,1,2025-08-27,,active
717,631,5,2025-07-13,,active
718,632,1,2025-06-27,2026-03-03,expired
719,633,3,2026-06-30,2026-08-10,expired
720,634,2,2024-01-25,,active
721,635,3,2025-06-01,,active
722,636,2,2023-09-13,2025-01-24,cancelled
723,637,2,2024-12-09,2025-04-22,expired
724,638,1,2024-03-25,,active
725,639,1,2023-01-10,2024-05-25,cancelled
726,640,2,2025-04-03,,active
727,641,2,2025-03-08,2025-10-07,cancelled
728,642,3,2026-06-19,,active
729,643,1,2026-06-28,2026-09-14,cancelled
730,644,3,2025-05-26,,active
731,645,3,2025-10-25,,active
732,646,4,2026-02-16,,active
733,647,4,2025-10-12,,active
734,648,4,2024-01-09,,active
735,649,1,2025-12-24,,active
736,650,1,2023-05-26,,active
737,651,4,2023-08-12,2023-12-12,cancelled
738,652,4,2026-06-16,2026-07-20,cancelled
739,653,2,2023-06-26,,active
740,654,2,2025-05-02,,active
741,655,1,2023-03-04,2024-01-02,cancelled
742,656,2,2026-05-25,,active
743,657,1,2025-04-06,,active
744,658,3,2025-03-05,,active
745,659,5,2024-11-19,,active
746,660,2,2023-04-15,2023-12-24,cancelled
747,661,2,2026-01-27,,active
748,662,4,2024-05-25,2025-10-29,cancelled
749,663,2,2024-01-20,2024-07-27,cancelled
750,664,1,2024-02-09,2024-10-17,cancelled
751,665,2,2025-04-02,2026-06-23,cancelled
752,665,3,2026-07-18,2026-09-13,cancelled
753,666,2,2024-06-01,2025-08-24,expired
754,667,1,2024-04-20,,active
755,668,2,2024-12-09,2026-04-02,cancelled
756,669,5,2025-02-09,,active
757,670,3,2025-11-12,,active
758,671,1,2025-09-23,2026-05-01,cancelled
759,672,2,2024-11-07,,active
760,673,2,2024-12-14,,active
761,674,1,2023-03-24,,active
762,675,2,2026-03-14,,active
763,676,5,2026-01-13,2026-08-02,cancelled
764,676,2,2026-08-11,2026-09-23,cancelled
765,677,2,2026-01-06,,active
766,678,1,2024-04-01,,active
767,679,1,2023-01-01,,active
768,680,1,2023-02-20,,active
769,681,5,2024-11-15,2025-05-09,expired
770,681,4,2025-05-22,,active
771,682,2,2024-12-17,,active
772,683,1,2024-03-24,2025-04-28,cancelled
773,684,2,2025-05-30,,active
774,685,2,2024-05-02,2024-12-19,cancelled
775,686,5,2023-02-03,,active
776,687,1,2023-04-05,,active
777,688,1,2025-12-31,2026-03-06,cancelled
778,689,2,2023-06-03,2024-02-11,cancelled
779,690,1,2023-09-07,2024-11-25,cancelled
780,691,4,2024-11-04,2026-03-27,expired
781,692,1,2024-03-13,2024-05-04,expired
782,692,1,2024-05-16,,active
783,693,3,2023-04-28,2023-10-13,cancelled
784,694,4,2025-02-09,2025-05-11,cancelled
785,694,2,2025-05-24,,active
786,695,5,2023-09-25,,active
787,696,2,2025-12-13,,active
788,697,5,2023-08-24,,active
789,698,1,2024-01-24,2025-02-21,cancelled
790,699,2,2025-09-16,2026-09-18,expired
791,700,4,2025-02-01,2025-04-10,cancelled
792,701,1,2024-02-05,,active
793,702,2,2024-09-15,,active
794,703,2,2025-02-05,,active
795,704,5,2025-07-07,2026-07-07,cancelled
796,705,2,2026-05-15,2026-07-12,expired
797,706,2,2026-06-06,,active
798,707,3,2025-05-02,,active
799,708,3,2024-07-31,2025-06-21,expired
800,709,1,2023-03-16,2024-04-30,expired
801,710,1,2024-03-10,,active
802,711,3,2023-04-13,,active
803,712,2,2025-02-02,,active
804,713,2,2025-01-07,,active
805,714,2,2025-03-16,,active
806,715,2,2023-04-08,,active
807,716,1,2025-03-08,2025-12-28,cancelled
808,717,3,2025-05-08,2025-08-02,cancelled
809,718,1,2024-03-10,,active
810,719,2,2024-03-22,,active
811,720,3,2023-09-06,,active
812,721,4,2023-06-15,2024-03-24,cancelled
813,722,3,2025-09-10,,active
814,723,1,2025-10-16,,active
815,724,3,2024-06-25,,active
816,725,3,2025-01-28,,active
817,726,1,2026-02-03,2026-04-10,expired
818,727,3,2023-03-22,,active
819,728,1,2023-05-13,,active
820,729,1,2025-03-07,,active
821,730,2,2025-06-18,,active
822,731,1,2023-05-18,2023-11-12,cancelled
823,732,2,2023-07-03,,active
824,733,1,2025-02-23,2025-09-12,cancelled
825,733,2,2025-10-15,,active
826,734,2,2025-09-10,,active
827,735,2,2023-03-10,,active
828,736,4,2024-06-29,2025-05-30,expired
829,736,1,2025-07-04,2026-08-10,cancelled
830,737,1,2023-02-22,,active
831,738,1,2023-07-24,,active
832,739,3,2023-05-06,,active
833,740,1,2023-02-12,2024-02-04,expired
834,740,5,2024-02-15,2025-02-26,expired
835,741,4,2023-04-21,2024-08-11,expired
836,742,1,2025-01-30,2026-05-29,cancelled
837,743,2,2026-04-21,2026-07-30,expired
838,744,1,2025-04-27,,active
839,745,1,2023-04-05,2024-02-19,cancelled
840,745,1,2024-03-17,2024-12-27,expired
841,746,1,2025-06-18,2026-04-11,cancelled
842,746,3,2026-05-04,2026-07-11,cancelled
843,747,1,2023-12-26,,active
844,748,1,2025-06-18,2025-08-14,cancelled
845,749,1,2023-10-08,,active
846,750,1,2026-05-03,,active
847,751,2,2026-05-03,2026-08-12,expired
848,751,5,2026-08-26,2026-09-26,cancelled
849,752,1,2024-10-28,2025-01-07,cancelled
850,752,1,2025-01-30,,active
851,753,3,2023-04-03,,active
852,754,1,2024-11-02,,active
853,755,1,2023-03-02,,active
854,756,2,2024-09-25,2025-02-04,cancelled
855,757,2,2025-12-10,,active
856,758,2,2025-10-25,2026-08-30,cancelled
857,759,3,2024-08-26,2024-11-13,cancelled
858,760,2,2024-11-12,,active
859,761,2,2024-06-17,,active
860,762,2,2025-04-17,,active
861,763,3,2024-10-06,,active
862,764,2,2023-08-21,,active
863,765,3,2024-06-07,2025-09-29,expired
864,766,3,2023-12-12,,active
865,767,2,2025-12-05,2026-09-26,cancelled
866,768,1,2024-06-29,,active
867,769,1,2026-01-06,2026-09-03,cancelled
868,769,2,2026-09-26,2026-09-30,cancelled
869,770,3,2026-01-01,2026-02-13,cancelled
870,770,2,2026-03-03,,active
871,771,4,2025-03-04,2025-06-21,cancelled
872,772,2,2023-09-06,2023-10-09,expired
873,773,3,2023-02-16,,active
874,774,3,2026-02-18,,active
875,775,1,2023-08-02,,active
876,776,1,2023-08-27,,active
877,777,1,2025-12-15,,active
878,778,3,2023-12-16,2024-11-25,expired
879,778,2,2024-12-07,2025-04-10,cancelled
880,779,3,2023-04-17,,active
881,780,2,2025-04-10,,active
882,781,1,2023-02-17,2023-09-23,cancelled
883,782,2,2023-12-03,2024-02-25,cancelled
884,783,3,2025-11-15,,active
885,784,2,2025-03-14,,active
886,785,3,2023-01-08,2023-09-22,cancelled
887,786,4,2024-09-16,2025-06-12,expired
888,787,2,2026-06-30,,active
889,788,4,2024-12-19,,active
890,789,2,2023-10-30,,active
891,790,2,2024-09-30,2025-04-21,cancelled
892,791,4,2023-02-25,,active
893,792,2,2024-12-26,,active
894,793,2,2024-06-09,2025-05-15,expired
895,793,2,2025-05-31,2026-08-01,expired
896,794,1,2024-04-18,2025-03-15,cancelled
897,795,2,2023-01-28,2023-09-21,cancelled
898,795,1,2023-09-30,2024-01-19,expired
899,795,1,2024-02-07,,active
900,796,2,2023-03-19,,active
901,797,3,2026-05-24,,active
902,798,2,2023-12-31,2025-05-16,expired
903,798,1,2025-05-25,,active
904,799,1,2024-10-27,2025-10-02,cancelled
905,799,4,2025-11-16,2026-05-29,expired
906,800,2,2024-06-09,,active
907,801,1,2024-11-29,,active
908,802,1,2025-06-01,2026-02-08,cancelled
909,803,3,2025-10-27,,active
910,804,5,2025-10-23,,active
911,805,4,2025-07-07,,active
912,806,4,2025-01-19,,active
913,807,4,2023-12-29,2024-10-08,cancelled
914,807,4,2024-10-25,,active
915,808,2,2025-03-16,2026-06-25,expired
916,809,1,2025-01-08,,active
917,810,2,2025-11-04,,active
918,811,1,2026-04-30,,active
919,812,1,2024-04-29,2024-10-24,cancelled
920,813,1,2023-01-28,2023-04-02,cancelled
921,813,5,2023-04-17,,active
922,814,2,2024-12-14,2025-06-21,cancelled
923,815,1,2025-11-28,2026-02-22,cancelled
924,816,4,2026-06-08,2026-09-29,expired
925,817,2,2023-03-27,,active
926,818,1,2023-05-06,,active
927,819,4,2025-03-22,2026-07-14,cancelled
928,819,1,2026-07-22,,active
929,820,3,2024-06-20,2024-08-07,cancelled
930,820,5,2024-09-03,2025-08-05,expired
931,821,4,2023-05-25,2024-02-24,expired
932,821,1,2024-03-08,,active
933,822,1,2026-05-20,,active
934,823,4,2023-01-25,2023-03-06,expired
935,824,1,2023-03-08,2023-07-16,cancelled
936,824,3,2023-08-24,,active
937,825,2,2023-08-21,,active
938,826,1,2023-04-19,2024-02-24,cancelled
939,827,2,2026-03-15,2026-07-17,expired
940,828,2,2023-04-21,2023-09-19,expired
941,829,2,2023-08-16,,active
942,830,3,2023-04-21,,active
943,831,1,2023-02-03,2024-04-24,cancelled
944,831,1,2024-05-02,,active
945,832,2,2024-09-14,2026-01-12,cancelled
946,833,1,2025-01-17,2025-10-19,cancelled
947,834,3,2024-08-17,,active
948,835,2,2024-02-29,2024-09-28,cancelled
949,836,4,2024-09-04,,active
950,837,3,2024-11-22,,active
951,838,4,2023-11-11,,active
952,839,1,2025-05-26,2026-06-21,expired
953,840,2,2024-10-23,,active
954,841,5,2023-10-04,,active
955,842,1,2024-09-15,2025-11-22,cancelled
956,843,5,2024-05-30,2025-05-27,cancelled
957,844,5,2025-04-22,,active
958,845,1,2023-12-16,,active
959,846,1,2025-04-02,2025-11-14,expired
960,846,1,2025-12-20,,active
961,847,1,2026-03-06,,active
962,848,3,2025-01-28,,active
963,849,1,2025-06-17,2026-01-05,cancelled
964,850,4,2023-08-31,2024-07-28,cancelled
965,850,3,2024-08-15,,active
966,851,4,2024-06-26,2025-11-13,cancelled
967,852,1,2025-11-29,,active
968,853,4,2023-08-17,,active
969,854,2,2024-07-01,,active
970,855,1,2025-07-08,2026-04-03,expired
971,855,1,2026-04-23,,active
972,856,1,2026-05-31,,active
973,857,1,2023-01-06,,active
974,858,3,2024-04-12,2025-03-19,cancelled
975,859,2,2023-03-16,2024-06-16,cancelled
976,860,1,2023-01-04,,active
977,861,1,2024-10-07,,active
978,862,1,2023-04-28,,active
979,863,4,2025-05-30,,active
980,864,1,2024-05-18,2024-10-27,cancelled
981,865,1,2025-08-04,2025-11-17,cancelled
982,865,3,2025-12-31,,active
983,866,3,2024-07-27,2025-06-18,expired
984,867,2,2023-07-13,,active
985,868,1,2025-04-26,,active
986,869,4,2024-12-15,,active
987,870,2,2025-11-15,,active
988,871,1,2023-06-22,,active
989,872,4,2023-11-22,,active
990,873,1,2026-02-15,,active
991,874,2,2025-04-15,,active
992,875,5,2024-12-24,,active
993,876,1,2023-08-13,2024-12-21,expired
994,877,1,2024-06-15,,active
995,878,3,2023-04-23,,active
996,879,4,2023-05-20,,active
997,880,3,2024-07-12,,active
998,881,5,2023-01-01,2024-06-22,expired
999,882,2,2023-03-31,,active
1000,883,2,2024-10-15,,active
1001,884,1,2023-11-16,,active
1002,885,2,2023-05-19,,active
1003,886,1,2025-04-24,,active
1004,887,1,2023-09-16,,active
1005,888,1,2025-06-20,2026-02-14,cancelled
1006,889,2,2024-11-20,,active
1007,890,2,2023-01-10,,active
1008,891,2,2023-09-18,2023-12-21,cancelled
1009,892,1,2023-06-21,2024-06-30,expired
1010,892,3,2024-08-11,2025-10-22,cancelled
1011,893,2,2025-06-16,,active
1012,894,1,2023-01-13,,active
1013,895,4,2026-04-06,2026-05-09,expired
1014,895,1,2026-05-24,,active
1015,896,2,2023-11-17,,active
1016,897,2,2023-11-25,2025-05-14,cancelled
1017,898,2,2025-02-23,,active
1018,899,2,2025-02-15,,active
1019,900,1,2025-06-29,,active
1020,901,2,2026-01-23,2026-08-25,cancelled
1021,901,1,2026-09-01,2026-09-30,expired
1022,902,3,2023-11-14,2024-07-24,cancelled
1023,902,3,2024-08-16,2025-09-25,cancelled
1024,903,3,2023-08-24,2025-01-14,expired
1025,904,1,2023-11-30,,active
1026,905,3,2024-01-11,,active
1027,906,3,2026-03-06,,active
1028,907,2,2024-08-10,,active
1029,908,2,2024-05-27,2025-01-30,cancelled
1030,908,2,2025-02-22,,active
1031,909,1,2025-07-06,2026-08-14,expired
1032,909,2,2026-09-01,,active
1033,910,2,2025-05-22,,active
1034,911,2,2026-06-06,2026-08-11,expired
1035,912,1,2023-09-27,2023-12-20,cancelled
1036,912,3,2024-01-08,,active
1037,913,2,2025-03-08,,active
1038,914,5,2024-12-25,,active
1039,915,2,2026-04-03,2026-08-05,cancelled
1040,916,5,2023-01-05,,active
1041,917,1,2025-04-30,,active
1042,918,3,2023-03-19,2023-12-01,cancelled
1043,919,2,2024-07-27,,active
1044,920,3,2023-05-12,,active
1045,921,3,2024-08-23,,active
1046,922,2,2025-12-01,,active
1047,923,1,2023-03-30,2024-07-28,cancelled
1048,924,2,2024-02-06,2025-04-17,expired
1049,924,2,2025-05-25,2026-05-28,cancelled
1050,925,3,2023-10-23,2024-10-08,expired
1051,925,1,2024-10-13,2026-02-01,cancelled
1052,926,3,2024-09-07,,active
1053,927,1,2025-03-10,,active
1054,928,4,2024-02-26,2025-06-08,expired
1055,929,1,2025-11-12,,active
1056,930,1,2024-07-28,,active
1057,931,3,2023-05-23,2023-10-20,cancelled
1058,931,2,2023-12-04,,active
1059,932,2,2025-09-19,,active
1060,933,2,2024-10-26,2025-09-27,cancelled
1061,934,2,2023-05-25,,active
1062,935,4,2026-06-02,2026-08-24,cancelled
1063,935,2,2026-09-26,2026-09-30,cancelled
1064,936,2,2025-10-03,,active
1065,937,3,2024-05-17,,active
1066,938,3,2025-03-31,2025-05-14,cancelled
1067,938,1,2025-06-06,,active
1068,939,1,2023-04-14,2023-09-24,cancelled
1069,939,2,2023-10-19,2024-06-22,cancelled
1070,940,4,2025-11-28,,active
1071,941,3,2023-07-17,,active
1072,942,4,2024-08-01,,active
1073,943,5,2024-01-26,2024-08-11,cancelled
1074,944,2,2026-04-17,2026-05-22,expired
1075,945,1,2024-07-07,2025-11-16,cancelled
1076,945,3,2025-12-13,,active
1077,946,2,2025-11-04,,active
1078,947,2,2024-04-22,2024-10-17,cancelled
1079,947,4,2024-11-01,,active
1080,948,1,2026-06-08,,active
1081,949,2,2025-07-11,,active
1082,950,1,2024-02-24,,active
1083,951,3,2023-06-06,,active
1084,952,3,2024-07-03,2024-10-08,cancelled
1085,953,4,2026-01-25,2026-03-15,expired
1086,953,2,2026-03-24,2026-08-07,cancelled
1087,954,3,2025-10-17,,active
1088,955,2,2025-09-23,,active
1089,956,3,2025-08-08,,active
1090,957,1,2023-10-16,,active
1091,958,2,2023-07-15,,active
1092,959,5,2024-08-20,,active
1093,960,3,2024-05-31,,active
1094,961,2,2025-05-14,,active
1095,962,3,2026-02-15,,active
1096,963,2,2025-03-16,,active
1097,964,1,2026-03-28,,active
1098,965,5,2025-03-25,,active
1099,966,5,2023-08-16,2023-10-27,cancelled
1100,967,3,2023-08-04,,active
1101,968,3,2025-08-05,,active
1102,969,2,2023-01-15,,active
1103,970,3,2026-03-26,2026-04-26,cancelled
1104,971,1,2026-03-26,,active
1105,972,2,2023-02-16,2023-08-29,cancelled
1106,973,2,2023-11-20,,active
1107,974,1,2025-04-23,,active
1108,975,1,2023-05-10,,active
1109,976,1,2023-04-05,,active
1110,977,4,2024-09-18,,active
1111,978,2,2025-01-24,2025-11-30,cancelled
1112,978,2,2025-12-31,,active
1113,979,3,2025-03-04,2025-08-19,expired
1114,979,2,2025-09-26,2026-08-10,expired
1115,979,1,2026-08-25,,active
1116,980,5,2023-03-10,,active
1117,981,2,2023-01-11,2024-05-29,expired
1118,982,5,2025-05-21,2025-09-12,expired
1119,982,3,2025-10-20,,active
1120,983,1,2024-07-03,,active
1121,984,3,2026-03-03,,active
1122,985,2,2024-12-12,,active
1123,986,1,2023-01-23,2024-05-19,cancelled
1124,987,3,2025-03-25,2025-09-11,expired
1125,988,4,2023-12-12,,active
1126,989,3,2023-10-29,,active
1127,990,3,2023-12-29,,active
1128,991,3,2024-01-31,,active
1129,992,1,2023-08-06,,active
1130,993,2,2023-05-21,2024-04-18,cancelled
1131,993,1,2024-05-31,2025-09-19,cancelled
1132,994,4,2025-08-15,,active
1133,995,5,2026-05-18,,active
1134,996,1,2025-09-11,,active
1135,997,4,2025-09-19,,active
1136,998,2,2025-04-07,,active
1137,999,1,2024-11-13,,active
1138,1000,3,2025-09-30,,active
1139,1001,1,2023-12-22,2024-05-09,cancelled
1140,1002,5,2025-10-04,2026-01-15,cancelled
1141,1002,2,2026-02-16,,active
1142,1003,2,2026-03-02,,active
1143,1004,4,2025-06-06,2026-08-04,expired
1144,1005,3,2023-05-07,,active
1145,1006,4,2026-02-03,,active
1146,1007,3,2025-10-05,,active
1147,1008,1,2024-08-26,2025-03-12,cancelled
1148,1009,2,2025-10-10,,active
1149,1010,1,2023-02-20,,active
1150,1011,5,2025-11-18,2026-05-07,cancelled
1151,1012,5,2025-02-17,2026-06-03,cancelled
1152,1013,2,2025-03-24,2025-12-11,cancelled
1153,1013,1,2026-01-16,2026-07-30,cancelled
1154,1014,3,2024-02-24,,active
1155,1015,3,2026-04-20,2026-07-04,cancelled
1156,1016,1,2025-09-09,,active
1157,1017,3,2025-04-04,,active
1158,1018,1,2025-10-21,2026-09-30,expired
1159,1019,3,2024-07-20,2025-11-21,expired
1160,1020,4,2024-01-06,2025-06-02,cancelled
1161,1020,2,2025-06-30,2026-02-21,expired
1162,1021,3,2025-07-24,,active
1163,1022,2,2024-10-22,2025-01-02,cancelled
1164,1022,2,2025-01-18,,active
1165,1023,2,2025-08-26,2025-09-26,cancelled
1166,1023,1,2025-10-20,,active
1167,1024,4,2026-03-06,,active
1168,1025,4,2023-07-21,,active
1169,1026,2,2023-11-09,2025-01-04,expired
1170,1027,1,2023-04-27,2024-01-17,cancelled
1171,1028,3,2025-07-25,,active
1172,1029,4,2024-07-28,,active
1173,1030,2,2023-09-01,,active
1174,1031,1,2024-06-20,,active
1175,1032,1,2023-03-16,,active
1176,1033,3,2024-01-21,,active
1177,1034,2,2026-05-18,2026-08-22,cancelled
1178,1035,3,2024-04-19,2024-06-06,cancelled
1179,1036,2,2024-02-22,,active
1180,1037,3,2023-12-13,,active
1181,1038,1,2024-10-01,,active
1182,1039,4,2025-07-27,2025-10-11,cancelled
1183,1040,1,2025-08-12,,active
1184,1041,1,2025-05-25,2025-09-27,cancelled
1185,1042,2,2025-02-01,,active
1186,1043,2,2026-04-17,,active
1187,1044,4,2026-04-20,,active
1188,1045,2,2024-10-25,2025-02-27,expired
1189,1046,2,2023-01-25,,active
1190,1047,2,2026-04-18,2026-09-06,cancelled
1191,1048,1,2024-12-10,2025-11-12,cancelled
1192,1049,3,2026-03-30,,active
1193,1050,4,2023-06-26,,active
1194,1051,1,2023-10-12,,active
1195,1052,2,2023-03-04,2024-06-29,expired
1196,1053,3,2025-09-29,,active
1197,1054,1,2024-10-23,,active
1198,1055,1,2024-10-27,2025-02-06,cancelled
1199,1056,2,2023-06-05,,active
1200,1057,1,2025-12-08,,active
1201,1058,1,2025-08-24,,active
1202,1059,1,2025-04-28,,active
1203,1060,2,2026-01-12,,active
1204,1061,2,2024-11-19,,active
1205,1062,4,2023-05-28,2024-07-21,cancelled
1206,1063,2,2023-12-08,,active
1207,1064,3,2024-04-20,2025-07-13,expired
1208,1065,4,2025-12-22,2026-06-06,cancelled
1209,1066,2,2024-07-14,2025-06-09,cancelled
1210,1067,4,2023-11-23,,active
1211,1068,2,2026-03-10,2026-09-12,cancelled
1212,1069,2,2025-09-16,,active
1213,1070,1,2023-08-03,,active
1214,1071,2,2024-03-10,,active
1215,1072,2,2025-08-09,2025-09-25,cancelled
1216,1073,5,2024-12-23,,active
1217,1074,4,2023-02-01,,active
1218,1075,3,2024-10-31,2025-06-25,cancelled
1219,1076,1,2023-10-12,,active
1220,1077,3,2024-03-04,,active
1221,1078,2,2023-10-13,2024-04-15,cancelled
1222,1078,1,2024-05-17,2025-04-21,cancelled
1223,1078,2,2025-05-24,2026-06-22,cancelled
1224,1079,2,2026-03-13,,active
1225,1080,2,2025-11-08,,active
1226,1081,2,2023-01-18,2023-12-16,expired
1227,1082,2,2025-02-07,2026-05-29,cancelled
1228,1083,1,2024-08-12,,active
1229,1084,2,2026-04-13,,active
1230,1085,2,2025-10-06,,active
1231,1086,1,2023-07-13,,active
1232,1087,1,2024-05-16,,active
1233,1088,1,2025-09-14,2026-02-18,cancelled
1234,1089,2,2026-02-10,,active
1235,1090,2,2023-04-24,,active
1236,1091,3,2026-05-30,2026-09-30,expired
1237,1092,2,2025-08-04,,active
1238,1093,1,2025-04-10,2026-04-01,expired
1239,1094,1,2025-07-13,,active
1240,1095,4,2023-02-24,2023-10-28,cancelled
1241,1096,1,2025-03-10,2026-04-13,cancelled
1242,1097,4,2025-02-16,2025-10-25,cancelled
1243,1098,3,2023-06-11,,active
1244,1099,2,2023-03-28,2023-08-29,expired
1245,1100,1,2023-02-24,,active
1246,1101,2,2026-04-16,2026-07-02,cancelled
1247,1101,2,2026-07-24,,active
1248,1102,3,2025-10-28,,active
1249,1103,3,2025-04-12,2025-09-29,cancelled
1250,1104,2,2023-11-09,2024-05-19,expired
1251,1105,1,2025-01-28,2025-06-20,cancelled
1252,1106,1,2024-03-18,2025-06-14,cancelled
1253,1107,2,2023-11-24,2024-09-26,cancelled
1254,1108,4,2025-12-13,,active
1255,1109,4,2025-01-30,,active
1256,1110,1,2026-06-16,2026-09-03,cancelled
1257,1110,2,2026-09-24,2026-09-30,cancelled
1258,1111,3,2026-06-06,,active
1259,1112,3,2024-08-01,,active
1260,1113,2,2025-12-10,2026-01-24,cancelled
1261,1114,2,2025-10-03,2026-08-18,cancelled
1262,1115,5,2023-04-06,,active
1263,1116,3,2026-01-16,2026-05-22,expired
1264,1117,1,2026-01-06,2026-09-10,cancelled
1265,1117,1,2026-09-22,,active
1266,1118,1,2026-02-17,,active
1267,1119,2,2025-03-24,,active
1268,1120,2,2024-05-05,,active
1269,1121,3,2024-03-27,2025-03-16,cancelled
1270,1122,2,2023-06-14,,active
1271,1123,2,2023-07-01,2023-12-24,cancelled
1272,1124,2,2024-04-13,2024-08-11,expired
1273,1124,1,2024-09-10,,active
1274,1125,3,2025-06-28,2025-09-16,cancelled
1275,1125,2,2025-10-15,,active
1276,1126,3,2025-01-04,2025-04-14,cancelled
1277,1127,2,2025-04-02,,active
1278,1128,5,2025-08-01,,active
1279,1129,3,2023-01-07,2024-06-07,cancelled
1280,1130,3,2023-11-26,2024-11-24,expired
1281,1131,2,2025-02-13,,active
1282,1132,2,2023-05-31,2023-09-27,expired
1283,1133,3,2026-01-13,,active
1284,1134,4,2023-05-27,,active
1285,1135,3,2025-07-03,,active
1286,1136,5,2024-11-30,,active
1287,1137,4,2023-03-23,2024-07-30,expired
1288,1137,1,2024-08-14,2024-10-18,cancelled
1289,1138,1,2024-05-28,2025-09-13,cancelled
1290,1139,2,2025-03-25,,active
1291,1140,1,2024-12-09,2025-03-10,cancelled
1292,1141,3,2025-01-15,2026-02-14,expired
1293,1141,2,2026-02-20,2026-04-06,cancelled
1294,1142,2,2025-10-19,2025-12-08,cancelled
1295,1143,3,2024-12-07,,active
1296,1144,3,2024-04-15,,active
1297,1145,4,2026-02-16,2026-04-15,cancelled
1298,1146,2,2024-01-31,2024-05-12,cancelled
1299,1146,3,2024-06-01,,active
1300,1147,3,2023-09-18,,active
1301,1148,1,2025-03-15,,active
1302,1149,2,2025-07-22,,active
1303,1150,2,2025-06-23,2025-10-06,cancelled
1304,1151,1,2026-06-03,2026-09-13,expired
1305,1152,1,2025-12-12,2026-04-02,expired
1306,1153,2,2025-07-28,2026-08-06,cancelled
1307,1154,3,2025-05-03,2025-08-16,cancelled
1308,1155,4,2024-08-15,,active
1309,1156,1,2024-12-14,,active
1310,1157,2,2026-03-27,,active
1311,1158,3,2024-09-23,,active
1312,1159,2,2023-02-28,,active
1313,1160,4,2023-05-08,,active
1314,1161,2,2025-01-05,,active
1315,1162,5,2024-12-21,,active
1316,1163,1,2026-02-12,2026-09-16,cancelled
1317,1164,3,2026-05-17,,active
1318,1165,3,2024-06-09,,active
1319,1166,3,2024-06-04,,active
1320,1167,2,2024-07-05,,active
1321,1168,2,2023-08-25,,active
1322,1169,4,2026-05-09,,active
1323,1170,1,2026-06-12,,active
1324,1171,3,2024-05-08,,active
1325,1172,1,2023-01-04,2023-09-24,cancelled
1326,1173,5,2024-10-27,,active
1327,1174,1,2024-03-17,2024-05-18,cancelled
1328,1175,1,2023-01-29,,active
1329,1176,2,2026-02-06,2026-07-04,cancelled
1330,1177,4,2024-09-01,,active
1331,1178,1,2025-03-15,,active
1332,1179,1,2023-03-16,2024-02-15,cancelled
1333,1180,2,2025-04-17,2026-07-31,cancelled
1334,1181,3,2026-03-15,,active
1335,1182,3,2023-05-08,2024-01-26,cancelled
1336,1183,1,2023-02-11,,active
1337,1184,1,2023-02-10,,active
1338,1185,3,2025-07-22,,active
1339,1186,1,2023-02-03,,active
1340,1187,1,2025-11-06,2026-03-09,cancelled
1341,1188,2,2026-03-22,2026-08-19,expired
1342,1189,1,2025-09-24,2026-03-28,cancelled
1343,1190,4,2024-08-10,,active
1344,1191,1,2023-12-08,2025-01-31,cancelled
1345,1192,2,2023-01-27,,active
1346,1193,1,2024-10-07,,active
1347,1194,3,2024-12-31,,active
1348,1195,3,2023-06-17,2024-05-24,expired
1349,1195,2,2024-06-08,,active
1350,1196,3,2024-09-01,2025-02-15,cancelled
1351,1197,1,2023-09-25,2024-12-25,expired
1352,1198,1,2025-03-31,,active
1353,1199,2,2024-03-30,,active
1354,1200,2,2025-06-24,2026-02-15,cancelled
1355,1201,2,2025-07-10,2025-10-19,cancelled
1356,1202,3,2025-09-07,,active
1357,1203,3,2024-12-02,,active
1358,1204,2,2024-09-25,,active
1359,1205,1,2023-05-10,,active
1360,1206,1,2025-10-16,,active
1361,1207,2,2025-03-29,2025-12-24,cancelled
1362,1208,5,2024-11-23,2025-07-10,cancelled
1363,1208,1,2025-08-15,2026-07-11,expired
1364,1208,1,2026-08-09,,active
1365,1209,2,2025-03-04,2025-05-29,expired
1366,1210,4,2023-01-29,,active
1367,1211,2,2023-05-29,,active
1368,1212,2,2023-01-11,,active
1369,1213,2,2024-11-06,2025-04-18,cancelled
1370,1214,3,2026-02-10,2026-04-16,cancelled
1371,1215,1,2023-07-06,2024-08-03,cancelled
1372,1215,5,2024-08-28,,active
1373,1216,4,2025-03-17,,active
1374,1217,2,2025-01-13,,active
1375,1218,1,2026-06-04,2026-07-06,cancelled
1376,1218,1,2026-07-19,,active
1377,1219,3,2023-04-08,2023-06-07,cancelled
1378,1219,2,2023-07-14,,active
1379,1220,2,2023-02-24,2024-05-03,cancelled
1380,1221,1,2024-09-14,,active
1381,1222,2,2024-10-25,2025-12-28,expired
1382,1222,2,2026-01-09,2026-09-12,cancelled
1383,1223,2,2025-01-27,,active
1384,1224,3,2024-02-10,2024-10-17,cancelled
1385,1224,2,2024-11-08,2026-05-01,expired
1386,1224,3,2026-05-15,,active
1387,1225,2,2023-03-10,2024-04-21,cancelled
1388,1226,2,2025-01-20,,active
1389,1227,3,2026-03-17,,active
1390,1228,2,2026-06-21,,active
1391,1229,3,2025-08-15,,active
1392,1230,3,2023-12-31,,active
1393,1231,3,2024-04-26,,active
1394,1232,1,2023-07-20,,active
1395,1233,5,2023-06-03,,active
1396,1234,5,2023-03-14,,active
1397,1235,3,2024-12-13,,active
1398,1236,1,2023-10-23,2024-03-12,expired
1399,1237,1,2025-11-06,2026-07-19,expired
1400,1237,4,2026-07-31,,active
1401,1238,4,2026-05-25,,active
1402,1239,2,2023-03-02,,active
1403,1240,1,2025-07-27,2026-05-12,expired
1404,1241,3,2023-02-11,,active
1405,1242,5,2023-01-25,2023-08-26,cancelled
1406,1243,2,2025-11-28,,active
1407,1244,2,2023-05-11,,active
1408,1245,1,2026-06-06,,active
1409,1246,4,2023-04-18,,active
1410,1247,1,2023-06-21,2024-06-18,expired
1411,1248,5,2023-04-12,,active
1412,1249,4,2025-05-15,,active
1413,1250,4,2024-06-07,,active
1414,1251,2,2023-10-02,,active
1415,1252,2,2025-12-03,,active
1416,1253,3,2025-03-27,,active
1417,1254,2,2025-08-14,,active
1418,1255,3,2025-11-06,2026-03-08,cancelled
1419,1255,4,2026-04-05,,active
1420,1256,1,2023-11-26,,active
1421,1257,1,2023-01-12,,active
1422,1258,1,2023-08-04,,active
1423,1259,4,2023-12-05,,active
1424,1260,3,2024-10-22,,active
1425,1261,4,2026-01-09,,active
1426,1262,2,2024-01-09,2025-04-21,expired
1427,1263,2,2025-09-02,2026-08-24,expired
1428,1263,2,2026-08-29,,active
1429,1264,3,2024-12-10,,active
1430,1265,1,2026-05-08,,active
1431,1266,1,2024-04-10,,active
1432,1267,1,2026-01-17,2026-08-25,cancelled
1433,1267,3,2026-09-05,,active
1434,1268,1,2024-05-03,,active
1435,1269,3,2023-02-16,,active
1436,1270,2,2025-02-16,2026-04-11,expired
1437,1271,2,2025-11-05,,active
1438,1272,4,2024-12-11,,active
1439,1273,3,2024-02-05,2025-07-20,cancelled
1440,1273,1,2025-08-05,2026-01-03,cancelled
1441,1274,2,2025-09-07,,active
1442,1275,1,2026-01-14,2026-07-10,expired
1443,1275,2,2026-08-09,,active
1444,1276,2,2023-09-07,2024-09-06,cancelled
1445,1277,4,2024-01-26,,active
1446,1278,2,2023-12-01,2025-01-29,expired
1447,1279,3,2024-09-20,2025-04-13,cancelled
1448,1280,1,2023-05-17,2024-01-20,cancelled
1449,1280,5,2024-01-26,,active
1450,1281,4,2025-06-01,,active
1451,1282,4,2024-11-18,,active
1452,1283,4,2025-04-06,2026-09-15,expired
1453,1284,2,2024-12-27,2025-10-14,expired
1454,1285,4,2024-08-16,,active
1455,1286,3,2026-05-31,,active
1456,1287,2,2025-09-16,,active
1457,1288,1,2024-01-07,2024-11-03,expired
1458,1289,1,2025-07-23,2026-07-13,cancelled
1459,1290,3,2025-09-21,2026-01-06,cancelled
1460,1291,5,2024-02-06,,active
1461,1292,5,2024-09-06,2025-03-06,expired
1462,1293,2,2026-03-28,,active
1463,1294,1,2026-03-21,2026-04-20,expired
1464,1295,3,2025-09-21,2026-02-04,cancelled
1465,1296,3,2024-09-11,2024-11-10,expired
1466,1296,1,2024-12-11,,active
1467,1297,3,2023-07-07,2023-12-08,expired
1468,1297,3,2024-01-07,2024-08-24,cancelled
1469,1298,1,2026-01-26,,active
1470,1299,1,2023-05-11,2023-08-12,expired
1471,1299,5,2023-09-23,,active
1472,1300,1,2025-03-15,,active
1473,1301,2,2026-04-09,,active
1474,1302,2,2025-07-24,2026-05-27,cancelled
1475,1303,2,2025-09-12,,active
1476,1304,5,2023-07-02,,active
1477,1305,1,2025-09-09,,active
1478,1306,3,2023-12-30,2024-10-04,expired
1479,1307,1,2023-02-08,,active
1480,1308,5,2024-05-11,2024-10-11,expired
1481,1308,4,2024-11-16,2025-07-19,expired
1482,1309,1,2025-09-08,2026-02-26,cancelled
1483,1310,3,2025-07-09,,active
1484,1311,5,2024-12-22,,active
1485,1312,2,2026-03-30,2026-06-24,cancelled
1486,1312,2,2026-08-05,,active
1487,1313,2,2023-01-16,2023-12-01,cancelled
1488,1313,3,2023-12-30,2025-01-04,expired
1489,1314,3,2024-05-07,2025-07-17,cancelled
1490,1315,1,2026-02-05,,active
1491,1316,2,2025-06-12,2026-05-17,cancelled
1492,1317,2,2023-11-07,2024-06-01,cancelled
1493,1318,2,2025-01-08,,active
1494,1319,5,2026-04-08,2026-08-26,cancelled
1495,1320,1,2024-06-29,,active
1496,1321,2,2024-02-18,,active
1497,1322,3,2023-09-08,2024-02-14,cancelled
1498,1322,3,2024-03-12,,active
1499,1323,1,2025-01-28,2025-08-12,cancelled
1500,1323,3,2025-09-15,2026-01-05,cancelled
1501,1323,2,2026-01-23,2026-08-06,expired
1502,1324,2,2026-03-10,,active
1503,1325,4,2025-11-28,,active
1504,1326,4,2025-03-24,,active
1505,1327,4,2023-01-29,,active
1506,1328,2,2025-08-15,,active
1507,1329,4,2024-04-21,,active
1508,1330,4,2023-11-14,2025-04-18,cancelled
1509,1330,2,2025-05-03,,active
1510,1331,2,2023-09-02,2024-03-01,cancelled
1511,1332,2,2025-01-17,,active
1512,1333,1,2024-11-27,2026-04-09,cancelled
1513,1334,2,2023-09-29,,active
1514,1335,2,2026-06-16,,active
1515,1336,5,2024-01-12,2025-05-10,cancelled
1516,1337,3,2023-09-23,2024-04-05,expired
1517,1337,2,2024-04-24,,active
1518,1338,5,2025-07-14,,active
1519,1339,5,2025-07-09,,active
1520,1340,3,2023-12-06,,active
1521,1341,1,2024-01-24,2025-04-27,cancelled
1522,1342,2,2024-07-30,2024-12-05,expired
1523,1343,4,2023-01-03,2023-12-20,cancelled
1524,1344,4,2026-03-11,,active
1525,1345,5,2024-01-11,2024-06-23,cancelled
1526,1345,2,2024-07-25,2025-12-16,expired
1527,1346,2,2023-11-20,,active
1528,1347,4,2023-05-26,2023-10-29,expired
1529,1348,2,2023-10-20,,active
1530,1349,2,2024-03-07,,active
1531,1350,4,2024-12-05,,active
1532,1351,3,2025-08-06,,active
1533,1352,2,2024-08-07,,active
1534,1353,2,2024-02-03,,active
1535,1354,2,2025-03-27,,active
1536,1355,2,2025-08-21,2025-10-22,cancelled
1537,1355,1,2025-11-18,2026-04-26,cancelled
1538,1356,3,2026-03-09,2026-08-11,cancelled
1539,1356,3,2026-09-12,2026-09-30,expired
1540,1357,2,2023-07-06,,active
1541,1358,1,2023-03-02,2023-12-17,cancelled
1542,1359,1,2025-07-27,,active
1543,1360,4,2024-12-10,2025-02-05,expired
1544,1361,2,2025-03-17,,active
1545,1362,1,2023-01-11,,active
1546,1363,1,2025-12-21,2026-08-02,cancelled
1547,1363,4,2026-08-18,,active
1548,1364,2,2023-08-14,,active
1549,1365,5,2026-03-22,,active
1550,1366,2,2024-07-17,2024-11-17,cancelled
1551,1367,2,2025-02-10,2026-06-05,cancelled
1552,1368,1,2025-06-03,,active
1553,1369,5,2026-06-20,2026-09-01,cancelled
1554,1370,1,2026-02-04,,active
1555,1371,2,2023-08-14,2023-10-31,cancelled
1556,1372,5,2025-04-04,,active
1557,1373,2,2023-08-06,2024-06-21,cancelled
1558,1374,4,2025-07-25,2025-11-28,expired
1559,1375,2,2025-01-22,,active
1560,1376,4,2024-05-20,2025-04-22,expired
1561,1377,1,2023-09-16,,active
1562,1378,1,2023-02-23,,active
1563,1379,3,2025-12-06,2026-03-07,expired
1564,1380,2,2024-12-27,,active
1565,1381,2,2024-11-19,,active
1566,1382,3,2026-01-27,2026-05-23,expired
1567,1383,4,2025-11-09,,active
1568,1384,5,2024-02-23,2024-04-26,cancelled
1569,1384,1,2024-05-22,,active
1570,1385,1,2024-11-20,,active
1571,1386,5,2025-04-29,,active
1572,1387,3,2023-03-03,2023-05-22,cancelled
1573,1387,1,2023-06-29,2024-11-06,cancelled
1574,1388,2,2026-03-14,,active
1575,1389,3,2023-08-04,,active
1576,1390,1,2023-01-03,2023-09-08,expired
1577,1391,2,2023-06-09,,active
1578,1392,2,2025-02-19,2025-08-24,cancelled
1579,1393,3,2026-02-17,,active
1580,1394,2,2025-06-11,,active
1581,1395,2,2026-01-17,2026-07-04,expired
1582,1396,2,2023-11-25,,active
1583,1397,2,2024-08-02,,active
1584,1398,4,2025-08-09,2026-04-18,cancelled
1585,1399,2,2024-09-26,,active
1586,1400,1,2025-09-14,,active
1587,1401,4,2026-05-03,2026-06-11,cancelled
1588,1401,2,2026-06-29,,active
1589,1402,2,2025-07-09,2025-10-06,expired
1590,1403,1,2025-01-07,,active
1591,1404,2,2023-06-19,,active
1592,1405,2,2024-06-04,2024-07-26,cancelled
1593,1405,1,2024-08-09,,active
1594,1406,4,2023-02-09,2024-03-08,cancelled
1595,1407,3,2025-08-12,,active
1596,1408,1,2026-06-03,2026-08-25,cancelled
1597,1408,2,2026-09-25,2026-09-30,cancelled
1598,1409,2,2025-09-10,2026-08-26,cancelled
1599,1409,1,2026-09-25,2026-09-30,cancelled
1600,1410,1,2026-02-21,2026-04-21,cancelled
1601,1411,3,2025-09-01,,active
1602,1412,5,2023-02-07,,active
1603,1413,3,2023-11-24,,active
1604,1414,2,2026-06-28,,active
1605,1415,4,2026-04-14,,active
1606,1416,2,2025-07-02,,active
1607,1417,1,2024-03-29,,active
1608,1418,1,2023-02-06,2023-04-11,cancelled
1609,1419,3,2025-08-30,,active
1610,1420,3,2025-03-06,2025-12-18,cancelled
1611,1421,1,2025-08-30,,active
1612,1422,1,2024-08-15,,active
1613,1423,4,2026-02-11,,active
1614,1424,1,2025-11-29,,active
1615,1425,1,2023-08-12,2024-02-29,cancelled
1616,1426,2,2023-11-14,2024-01-18,expired
1617,1427,3,2023-12-15,,active
1618,1428,5,2023-04-25,,active
1619,1429,2,2024-11-28,,active
1620,1430,4,2025-11-29,,active
1621,1431,3,2023-02-09,,active
1622,1432,3,2023-08-04,2023-11-03,cancelled
1623,1433,3,2026-03-16,,active
1624,1434,3,2023-12-02,2025-04-24,expired
1625,1435,2,2026-04-06,2026-08-13,cancelled
1626,1436,3,2023-04-02,2024-03-10,cancelled
1627,1437,5,2023-12-19,2024-09-19,cancelled
1628,1438,1,2024-07-24,,active
1629,1439,1,2025-03-26,2026-08-31,cancelled
1630,1440,5,2025-02-19,2025-09-25,expired
1631,1440,2,2025-10-01,,active
1632,1441,3,2023-12-29,,active
1633,1442,1,2024-07-10,2024-11-23,cancelled
1634,1442,2,2024-12-23,,active
1635,1443,5,2026-04-08,,active
1636,1444,2,2023-12-22,2024-05-05,cancelled
1637,1445,3,2023-07-10,,active
1638,1446,3,2024-02-26,2025-06-30,cancelled
1639,1446,2,2025-08-03,2026-03-30,cancelled
1640,1447,2,2024-11-30,,active
1641,1448,3,2023-01-07,,active
1642,1449,4,2023-05-13,,active
1643,1450,2,2024-07-10,,active
1644,1451,2,2025-04-05,2025-05-17,expired
1645,1451,2,2025-06-04,2025-11-20,cancelled
1646,1452,3,2025-01-30,2026-01-23,cancelled
1647,1452,2,2026-02-22,2026-05-01,cancelled
1648,1452,2,2026-06-01,,active
1649,1453,2,2025-11-20,2026-09-17,cancelled
1650,1454,3,2024-06-18,2024-08-30,cancelled
1651,1454,1,2024-09-05,2024-11-01,expired
1652,1455,1,2024-03-01,2024-09-29,expired
1653,1456,1,2024-11-02,,active
1654,1457,3,2023-12-29,,active
1655,1458,2,2023-03-23,2023-09-17,cancelled
1656,1458,1,2023-10-11,,active
1657,1459,1,2023-12-22,,active
1658,1460,1,2024-08-11,,active
1659,1461,1,2023-10-22,2024-03-27,cancelled
1660,1461,3,2024-04-08,,active
1661,1462,1,2026-06-01,2026-08-30,expired
1662,1463,1,2025-12-05,,active
1663,1464,2,2026-02-10,,active
1664,1465,5,2026-06-10,,active
1665,1466,4,2023-01-17,,active
1666,1467,3,2023-12-26,2024-03-21,expired
1667,1468,3,2026-05-31,2026-09-19,cancelled
1668,1469,3,2025-05-15,2025-12-12,cancelled
1669,1470,3,2024-11-30,,active
1670,1471,5,2024-03-23,,active
1671,1472,1,2025-05-05,,active
1672,1473,2,2023-12-31,,active
1673,1474,2,2024-11-05,,active
1674,1475,1,2025-10-04,2026-06-25,expired
1675,1476,2,2024-04-11,,active
1676,1477,3,2024-02-18,2024-03-28,cancelled
1677,1477,2,2024-04-21,2024-12-01,expired
1678,1477,1,2024-12-30,2026-01-20,cancelled
1679,1478,2,2024-08-08,,active
1680,1479,2,2026-06-10,,active
1681,1480,2,2026-06-01,,active
1682,1481,2,2025-09-20,2026-09-26,cancelled
1683,1482,4,2024-07-25,2024-09-04,expired
1684,1482,3,2024-09-17,,active
1685,1483,1,2023-12-01,,active
1686,1484,4,2026-05-30,,active
1687,1485,2,2023-02-06,2023-04-13,expired
1688,1485,2,2023-04-27,2024-10-04,expired
1689,1486,4,2025-09-15,2025-12-08,cancelled
1690,1487,1,2023-10-05,,active
1691,1488,1,2026-05-04,,active
1692,1489,3,2025-07-04,,active
1693,1490,2,2024-04-28,2024-09-03,cancelled
1694,1490,3,2024-10-08,2025-07-18,cancelled
1695,1491,1,2026-06-19,,active
1696,1492,2,2024-12-31,,active
1697,1493,1,2023-07-11,,active
1698,1494,1,2025-11-06,2026-03-12,cancelled
1699,1495,2,2024-06-07,2024-09-28,expired
1700,1496,4,2025-07-06,,active
1701,1497,1,2024-02-05,,active
1702,1498,1,2025-06-04,,active
1703,1499,3,2024-12-05,,active
1704,1500,4,2023-01-22,,active
1705,1501,1,2024-04-18,2025-05-19,cancelled
1706,1501,1,2025-06-21,2025-09-04,cancelled
1707,1502,3,2026-02-17,2026-09-13,expired
1708,1503,3,2023-07-29,,active
1709,1504,2,2023-11-02,,active
1710,1505,2,2024-12-04,2025-06-12,cancelled
1711,1506,3,2024-11-17,,active
1712,1507,2,2023-10-12,,active
1713,1508,3,2024-12-16,2025-08-09,expired
1714,1509,4,2025-02-01,,active
1715,1510,2,2026-06-04,2026-07-21,expired
1716,1510,2,2026-08-15,2026-09-18,expired
1717,1511,1,2025-08-05,2026-08-08,cancelled
1718,1512,1,2024-01-16,2024-06-05,expired
1719,1512,1,2024-06-16,,active
1720,1513,1,2024-04-04,,active
1721,1514,4,2025-10-27,,active
1722,1515,3,2023-01-29,,active
1723,1516,2,2025-06-25,2026-01-21,cancelled
1724,1516,1,2026-02-01,,active
1725,1517,1,2025-11-22,,active
1726,1518,2,2025-05-28,,active
1727,1519,2,2023-03-20,,active
1728,1520,1,2025-08-04,,active
1729,1521,2,2024-04-03,2024-07-07,cancelled
1730,1522,5,2024-07-23,,active
1731,1523,1,2025-01-07,2026-01-24,expired
1732,1524,4,2024-05-30,,active
1733,1525,2,2026-01-27,,active
1734,1526,2,2024-02-01,,active
1735,1527,3,2023-02-08,,active
1736,1528,2,2025-06-05,,active
1737,1529,2,2025-03-07,2025-09-13,expired
1738,1530,1,2023-06-06,2024-05-20,cancelled
1739,1531,2,2026-01-03,,active
1740,1532,5,2025-06-02,,active
1741,1533,1,2026-02-27,2026-09-27,cancelled
1742,1534,4,2025-08-31,,active
1743,1535,1,2026-01-12,,active
1744,1536,1,2025-11-11,,active
1745,1537,2,2025-04-28,2025-09-07,expired
1746,1538,3,2025-01-17,2025-12-18,expired
1747,1538,1,2026-01-30,2026-09-05,cancelled
1748,1539,2,2025-09-15,,active
1749,1540,2,2023-01-21,2023-02-25,cancelled
1750,1540,1,2023-03-21,,active
1751,1541,3,2023-10-30,,active
1752,1542,4,2025-05-18,,active
1753,1543,1,2023-03-25,,active
1754,1544,1,2024-07-23,,active
1755,1545,1,2025-07-22,2026-02-02,cancelled
1756,1546,1,2026-03-31,2026-09-18,expired
1757,1547,2,2026-04-01,2026-09-18,cancelled
1758,1548,2,2025-10-05,,active
1759,1549,4,2025-03-03,,active
1760,1550,3,2025-03-02,,active
1761,1551,3,2024-05-06,,active
1762,1552,1,2023-07-27,,active
1763,1553,1,2025-12-19,2026-07-19,cancelled
1764,1553,1,2026-08-14,,active
1765,1554,2,2024-03-05,,active
1766,1555,3,2025-09-11,,active
1767,1556,2,2024-06-03,,active
1768,1557,1,2024-08-13,,active
1769,1558,1,2025-11-16,2026-04-10,cancelled
1770,1559,1,2023-07-18,2024-12-15,cancelled
1771,1560,4,2024-01-22,,active
1772,1561,3,2023-12-15,,active
1773,1562,2,2025-08-17,2026-09-07,cancelled
1774,1563,1,2024-11-23,2025-04-08,cancelled
1775,1564,2,2024-01-13,,active
1776,1565,2,2025-06-17,2025-10-09,expired
1777,1566,1,2025-07-04,,active
1778,1567,1,2024-06-10,,active
1779,1568,4,2026-03-22,2026-06-25,cancelled
1780,1569,2,2025-01-03,,active
1781,1570,2,2023-07-25,,active
1782,1571,2,2024-03-30,,active
1783,1572,2,2026-06-13,,active
1784,1573,2,2024-06-04,2025-09-03,cancelled
1785,1574,1,2025-10-13,2026-04-16,cancelled
1786,1574,2,2026-05-14,2026-07-12,cancelled
1787,1575,4,2025-08-13,,active
1788,1576,1,2024-12-26,2026-04-10,cancelled
1789,1577,2,2025-10-10,2026-04-25,cancelled
1790,1578,2,2024-05-15,2025-09-28,cancelled
1791,1579,2,2023-04-27,,active
1792,1580,4,2024-01-21,,active
1793,1581,4,2024-08-06,2025-11-17,cancelled
1794,1581,5,2025-11-22,2026-05-26,expired
1795,1582,3,2024-01-30,2024-04-18,expired
1796,1583,1,2025-12-23,,active
1797,1584,2,2024-12-21,,active
1798,1585,3,2023-03-13,2023-09-13,expired
1799,1586,2,2023-10-01,2025-03-17,expired
1800,1587,1,2023-12-04,2025-01-18,expired
1801,1587,4,2025-01-24,2025-05-23,expired
1802,1588,1,2024-08-29,,active
1803,1589,3,2023-06-15,,active
1804,1590,2,2023-01-11,2023-04-29,cancelled
1805,1590,1,2023-05-17,2023-07-01,cancelled
1806,1591,2,2024-12-29,,active
1807,1592,2,2025-03-11,,active
1808,1593,4,2023-04-12,2024-05-14,cancelled
1809,1593,1,2024-06-18,,active
1810,1594,4,2025-02-17,,active
1811,1595,5,2023-08-02,,active
1812,1596,2,2026-01-16,2026-06-20,expired
1813,1596,3,2026-07-09,2026-08-26,cancelled
1814,1597,2,2024-02-05,,active
1815,1598,2,2024-08-10,2025-09-15,expired
1816,1599,1,2025-06-07,2025-12-31,cancelled
1817,1600,2,2025-12-05,,active
1818,1601,1,2024-08-14,2025-12-12,cancelled
1819,1601,3,2026-01-17,,active
1820,1602,1,2026-01-14,,active
1821,1603,2,2023-04-02,,active
1822,1604,1,2024-11-03,,active
1823,1605,1,2024-12-14,,active
1824,1606,1,2025-07-24,2025-11-02,cancelled
1825,1606,4,2025-11-20,,active
1826,1607,5,2023-08-30,,active
1827,1608,1,2023-01-02,2024-01-07,expired
1828,1609,3,2023-08-13,2024-10-19,cancelled
1829,1609,2,2024-11-14,,active
1830,1610,2,2025-03-11,,active
1831,1611,1,2024-08-11,,active
1832,1612,5,2023-04-26,,active
1833,1613,4,2025-07-06,2025-11-09,expired
1834,1614,4,2026-01-31,2026-09-22,expired
1835,1615,4,2023-07-13,2024-01-15,cancelled
1836,1616,2,2026-04-04,2026-09-19,cancelled
1837,1617,5,2025-05-20,,active
1838,1618,1,2023-03-31,,active
1839,1619,1,2023-05-02,,active
1840,1620,2,2023-05-23,,active
1841,1621,2,2025-09-20,,active
1842,1622,2,2023-04-16,,active
1843,1623,3,2025-06-05,2026-03-17,expired
1844,1624,1,2024-03-03,2025-06-16,cancelled
1845,1625,3,2023-11-13,2024-07-16,cancelled
1846,1625,3,2024-08-27,,active
1847,1626,5,2024-09-26,,active
1848,1627,4,2023-01-09,,active
1849,1628,1,2025-02-12,2026-01-31,cancelled
1850,1629,2,2026-01-01,2026-04-02,cancelled
1851,1629,5,2026-05-15,,active
1852,1630,3,2023-08-11,,active
1853,1631,1,2024-07-06,,active
1854,1632,1,2024-12-16,,active
1855,1633,2,2026-01-12,2026-05-21,cancelled
1856,1634,2,2023-04-21,2023-09-27,cancelled
1857,1634,1,2023-11-08,,active
1858,1635,1,2023-09-08,,active
1859,1636,2,2024-01-18,2025-06-26,cancelled
1860,1637,1,2023-01-07,,active
1861,1638,3,2024-04-03,2024-08-01,cancelled
1862,1639,1,2026-01-12,,active
1863,1640,2,2023-07-27,,active
1864,1641,3,2025-06-18,2025-09-07,expired
1865,1642,1,2023-01-22,2023-12-27,expired
1866,1643,2,2024-02-14,,active
1867,1644,3,2025-06-13,2026-01-17,expired
1868,1645,1,2024-05-29,,active
1869,1646,3,2026-02-24,,active
1870,1647,5,2025-03-19,,active
1871,1648,1,2025-05-23,2025-08-31,expired
1872,1649,1,2023-01-14,,active
1873,1650,3,2025-08-28,,active
1874,1651,1,2025-09-04,2026-01-06,cancelled
1875,1652,1,2025-10-10,,active
1876,1653,1,2025-11-01,2025-12-06,cancelled
1877,1654,2,2023-03-28,,active
1878,1655,2,2025-06-27,,active
1879,1656,4,2026-06-20,2026-08-16,expired
1880,1657,2,2023-05-02,,active
1881,1658,2,2026-03-16,2026-05-03,cancelled
1882,1659,1,2025-01-19,,active
1883,1660,2,2024-11-15,2025-01-21,expired
1884,1660,1,2025-03-03,2025-10-30,cancelled
1885,1661,2,2023-11-05,,active
1886,1662,3,2024-11-25,,active
1887,1663,1,2023-10-15,2025-03-04,cancelled
1888,1663,2,2025-04-01,2026-07-18,cancelled
1889,1664,4,2023-11-03,,active
1890,1665,4,2025-07-02,2026-08-22,cancelled
1891,1666,2,2024-10-23,,active
1892,1667,2,2024-07-02,,active
1893,1668,4,2023-11-08,,active
1894,1669,1,2025-05-22,,active
1895,1670,4,2025-12-18,,active
1896,1671,4,2025-07-12,,active
1897,1672,4,2025-01-24,2026-02-13,cancelled
1898,1673,3,2023-02-04,2024-04-11,cancelled
1899,1674,2,2024-03-20,,active
1900,1675,2,2023-04-03,2023-06-04,cancelled
1901,1675,3,2023-06-25,2024-10-14,expired
1902,1675,2,2024-11-06,,active
1903,1676,4,2026-05-15,,active
1904,1677,1,2023-12-19,,active
1905,1678,1,2025-06-21,,active
1906,1679,3,2025-05-11,2026-07-25,cancelled
1907,1680,1,2023-06-08,2024-01-09,cancelled
1908,1680,2,2024-02-17,,active
1909,1681,1,2025-08-14,2026-02-09,cancelled
1910,1682,1,2023-01-24,2024-04-23,cancelled
1911,1683,4,2024-02-08,2024-09-16,cancelled
1912,1684,2,2025-03-15,,active
1913,1685,2,2024-05-30,,active
1914,1686,5,2025-01-01,2026-06-18,cancelled
1915,1687,1,2024-06-15,2024-11-22,cancelled
1916,1688,2,2025-08-13,2026-07-07,expired
1917,1688,2,2026-07-29,,active
1918,1689,2,2023-06-01,2024-04-30,expired
1919,1690,2,2025-08-04,,active
1920,1691,2,2024-08-30,2024-10-26,cancelled
1921,1692,1,2024-02-24,,active
1922,1693,3,2026-06-27,2026-09-19,expired
1923,1694,4,2026-02-14,,active
1924,1695,5,2025-05-15,2025-11-06,cancelled
1925,1696,1,2024-07-31,2025-06-18,cancelled
1926,1697,4,2023-12-01,,active
1927,1698,2,2025-07-20,,active
1928,1699,5,2023-10-22,,active
1929,1700,5,2025-01-24,,active
1930,1701,5,2023-07-05,2023-10-06,cancelled
1931,1702,4,2026-06-23,,active
1932,1703,4,2024-09-28,2025-03-20,expired
1933,1704,1,2026-06-14,,active
1934,1705,4,2024-06-13,,active
1935,1706,1,2023-01-21,2023-10-04,cancelled
1936,1707,4,2025-06-29,2026-08-17,expired
1937,1708,2,2025-05-16,,active
1938,1709,2,2025-03-04,2025-09-25,expired
1939,1710,2,2023-04-10,2024-07-12,cancelled
1940,1711,1,2025-01-21,,active
1941,1712,3,2024-04-22,,active
1942,1713,1,2025-07-28,,active
1943,1714,1,2024-06-09,,active
1944,1715,5,2023-11-30,2024-10-13,cancelled
1945,1715,3,2024-11-02,,active
1946,1716,2,2023-01-02,,active
1947,1717,2,2024-01-10,,active
1948,1718,1,2023-10-20,,active
1949,1719,1,2025-04-16,,active
1950,1720,3,2025-10-01,2026-02-08,cancelled
1951,1720,5,2026-02-15,,active
1952,1721,3,2024-07-06,,active
1953,1722,1,2023-11-14,,active
1954,1723,1,2024-01-16,,active
1955,1724,4,2023-01-14,,active
1956,1725,1,2024-05-18,2025-04-30,expired
1957,1726,3,2023-08-19,2025-01-18,cancelled
1958,1727,3,2026-01-12,,active
1959,1728,4,2023-05-10,,active
1960,1729,3,2025-04-17,,active
1961,1730,3,2026-03-14,,active
1962,1731,2,2025-06-09,,active
1963,1732,4,2023-01-28,,active
1964,1733,1,2023-03-07,,active
1965,1734,2,2026-04-01,,active
1966,1735,2,2026-06-06,2026-08-05,cancelled
1967,1736,4,2023-09-18,,active
1968,1737,2,2024-04-04,2025-05-04,cancelled
1969,1738,3,2023-10-28,2023-12-31,cancelled
1970,1739,1,2025-07-07,,active
1971,1740,3,2023-10-14,,active
1972,1741,4,2025-10-30,,active
1973,1742,3,2024-09-21,2025-11-08,cancelled
1974,1743,1,2023-09-27,2024-01-20,expired
1975,1744,2,2024-08-14,2024-12-27,cancelled
1976,1745,5,2025-04-23,2025-07-21,cancelled
1977,1746,2,2025-05-11,,active
1978,1747,2,2023-05-13,2023-09-30,cancelled
1979,1748,3,2025-08-29,,active
1980,1749,3,2024-05-27,2024-11-27,cancelled
1981,1749,1,2024-12-27,,active
1982,1750,1,2023-11-09,,active
1983,1751,4,2024-07-29,,active
1984,1752,1,2025-06-04,,active
1985,1753,1,2026-02-18,,active
1986,1754,4,2026-02-04,2026-03-25,expired
1987,1754,1,2026-05-07,2026-08-15,cancelled
1988,1755,4,2024-11-17,2025-08-19,expired
1989,1756,2,2026-05-12,,active
1990,1757,5,2023-06-14,,active
1991,1758,1,2023-11-01,,active
1992,1759,1,2023-06-05,,active
1993,1760,2,2024-09-11,,active
1994,1761,2,2026-06-28,,active
1995,1762,2,2025-08-14,,active
1996,1763,3,2023-11-30,,active
1997,1764,1,2025-08-26,2026-03-13,cancelled
1998,1764,3,2026-04-15,2026-06-20,cancelled
1999,1764,3,2026-07-04,,active
2000,1765,2,2024-05-25,,active
2001,1766,1,2025-11-09,,active
2002,1767,4,2023-10-09,,active
2003,1768,5,2025-03-07,,active
2004,1769,4,2025-10-21,,active
2005,1770,1,2023-04-29,2023-08-21,expired
2006,1770,1,2023-09-26,2024-12-14,cancelled
2007,1771,3,2025-11-24,2026-08-21,expired
2008,1771,2,2026-09-11,,active
2009,1772,3,2023-07-17,,active
2010,1773,3,2024-04-29,,active
2011,1774,3,2025-12-18,,active
2012,1775,1,2025-04-16,2025-10-16,expired
2013,1776,3,2026-03-30,,active
2014,1777,4,2025-10-05,,active
2015,1778,4,2024-11-21,,active
2016,1779,4,2026-05-14,2026-09-10,expired
2017,1780,2,2025-11-01,2026-07-03,cancelled
2018,1781,1,2024-05-04,,active
2019,1782,4,2023-10-03,,active
2020,1783,1,2024-11-23,,active
2021,1784,2,2023-08-30,,active
2022,1785,2,2026-05-24,,active
2023,1786,2,2026-06-28,,active
2024,1787,1,2023-05-06,2023-08-28,cancelled
2025,1787,1,2023-09-23,,active
2026,1788,1,2023-08-05,,active
2027,1789,2,2026-04-23,,active
2028,1790,3,2025-11-28,2026-03-15,cancelled
2029,1790,1,2026-03-23,,active
2030,1791,4,2026-05-31,2026-09-27,cancelled
2031,1792,2,2026-04-22,,active
2032,1793,1,2024-05-09,2025-10-26,cancelled
2033,1794,1,2024-03-02,2025-05-10,expired
2034,1795,2,2026-04-16,2026-06-12,expired
2035,1796,1,2025-07-07,2025-09-11,cancelled
2036,1797,1,2023-05-31,,active
2037,1798,1,2024-01-19,2024-11-07,cancelled
2038,1798,2,2024-11-18,,active
2039,1799,4,2023-11-04,2024-11-23,cancelled
2040,1800,2,2025-01-15,2025-07-20,expired
2041,1801,3,2025-06-10,,active
2042,1802,3,2024-01-10,2025-01-15,cancelled
2043,1802,1,2025-02-09,,active
2044,1803,1,2025-10-28,2026-01-26,cancelled
2045,1804,5,2023-05-09,,active
2046,1805,3,2025-10-11,2026-09-02,cancelled
2047,1806,2,2024-10-30,,active
2048,1807,5,2024-05-31,,active
2049,1808,3,2023-03-27,2024-03-26,expired
2050,1809,1,2026-04-13,,active
2051,1810,4,2026-05-01,2026-07-19,cancelled
2052,1811,2,2023-11-07,2024-06-27,cancelled
2053,1812,4,2026-02-16,,active
2054,1813,3,2026-05-26,2026-09-29,cancelled
2055,1814,1,2024-03-02,2024-06-24,expired
2056,1814,2,2024-07-15,,active
2057,1815,1,2023-04-24,,active
2058,1816,5,2026-03-14,2026-05-29,expired
2059,1817,3,2023-10-30,2024-11-27,cancelled
2060,1818,3,2025-01-13,,active
2061,1819,4,2024-08-10,,active
2062,1820,3,2025-09-13,2026-06-28,expired
2063,1821,2,2023-12-11,,active
2064,1822,3,2025-03-24,,active
2065,1823,1,2025-03-11,2026-02-06,expired
2066,1823,1,2026-03-18,2026-08-11,expired
2067,1824,2,2025-10-21,,active
2068,1825,4,2026-03-16,2026-09-17,expired
2069,1826,4,2025-12-12,2026-05-05,cancelled
2070,1827,2,2025-12-28,2026-02-05,cancelled
2071,1828,3,2023-12-27,,active
2072,1829,2,2026-05-28,,active
2073,1830,1,2025-10-06,,active
2074,1831,1,2024-12-04,2025-10-09,cancelled
2075,1831,1,2025-11-09,2026-05-14,expired
2076,1832,3,2024-07-28,,active
2077,1833,3,2026-03-30,,active
2078,1834,4,2026-01-17,,active
2079,1835,2,2024-11-18,,active
2080,1836,2,2025-02-19,,active
2081,1837,1,2024-08-07,2025-01-16,cancelled
2082,1838,1,2024-08-11,,active
2083,1839,1,2026-03-28,,active
2084,1840,1,2024-05-03,2025-05-22,expired
2085,1840,3,2025-07-01,,active
2086,1841,4,2025-08-28,,active
2087,1842,3,2026-01-30,2026-05-09,cancelled
2088,1843,1,2024-05-08,,active
2089,1844,4,2023-01-19,,active
2090,1845,3,2024-02-01,,active
2091,1846,1,2025-09-27,,active
2092,1847,1,2025-04-30,,active
2093,1848,5,2025-04-01,2026-09-20,cancelled
2094,1849,1,2024-03-30,,active
2095,1850,1,2024-12-25,2026-02-15,expired
2096,1850,2,2026-04-01,,active
2097,1851,2,2025-12-24,2026-08-09,cancelled
2098,1851,1,2026-09-08,,active
2099,1852,2,2026-01-04,2026-08-12,cancelled
2100,1853,3,2024-12-11,2025-09-20,expired
2101,1854,2,2023-05-23,,active
2102,1855,1,2025-07-05,,active
2103,1856,1,2025-04-07,2025-11-13,cancelled
2104,1857,2,2024-08-27,2026-02-04,cancelled
2105,1858,2,2023-11-01,,active
2106,1859,2,2025-01-05,,active
2107,1860,2,2023-10-18,,active
2108,1861,3,2023-04-12,,active
2109,1862,1,2025-05-16,,active
2110,1863,4,2025-08-25,,active
2111,1864,5,2025-08-31,2026-04-12,cancelled
2112,1865,1,2025-04-21,2025-06-28,cancelled
2113,1865,2,2025-08-05,,active
2114,1866,1,2025-08-19,2026-03-04,expired
2115,1867,1,2025-07-30,,active
2116,1868,4,2025-10-23,,active
2117,1869,3,2023-03-26,,active
2118,1870,1,2023-11-24,2024-04-20,cancelled
2119,1871,2,2025-03-26,2026-05-16,cancelled
2120,1872,4,2024-03-29,2025-02-03,cancelled
2121,1873,4,2024-09-20,,active
2122,1874,1,2026-05-29,2026-07-03,expired
2123,1875,4,2026-03-23,,active
2124,1876,1,2024-10-26,,active
2125,1877,1,2023-01-12,2023-03-04,expired
2126,1877,3,2023-04-08,,active
2127,1878,2,2026-03-02,,active
2128,1879,1,2023-10-31,2024-09-16,cancelled
2129,1880,1,2025-09-01,2026-05-29,cancelled
2130,1880,3,2026-06-16,,active
2131,1881,2,2025-02-21,2026-06-14,cancelled
2132,1882,3,2023-02-12,2023-06-18,cancelled
2133,1883,1,2025-08-01,,active
2134,1884,1,2023-12-09,,active
2135,1885,5,2024-05-12,,active
2136,1886,1,2023-12-30,2024-04-01,expired
2137,1887,1,2025-06-09,2025-07-09,cancelled
2138,1887,2,2025-07-21,,active
2139,1888,2,2024-03-02,2025-01-23,cancelled
2140,1888,5,2025-02-04,,active
2141,1889,5,2025-10-01,2025-12-06,cancelled
2142,1890,1,2023-01-21,,active
2143,1891,1,2024-02-11,,active
2144,1892,1,2024-09-10,,active
2145,1893,1,2025-10-11,2026-01-12,cancelled
2146,1894,2,2023-12-02,,active
2147,1895,1,2026-02-14,2026-08-25,cancelled
2148,1896,2,2026-02-21,,active
2149,1897,3,2024-02-03,,active
2150,1898,1,2025-03-03,,active
2151,1899,3,2024-12-15,2026-02-01,cancelled
2152,1900,1,2023-02-20,,active
2153,1901,1,2023-11-20,,active
2154,1902,3,2025-02-27,,active
2155,1903,2,2023-05-21,,active
2156,1904,1,2024-04-14,,active
2157,1905,2,2025-02-25,,active
2158,1906,1,2025-08-21,,active
2159,1907,2,2025-10-04,2026-01-16,cancelled
2160,1907,1,2026-01-28,,active
2161,1908,1,2024-01-08,2025-03-22,cancelled
2162,1908,3,2025-04-15,,active
2163,1909,1,2024-05-08,2024-10-14,expired
2164,1909,3,2024-11-03,2025-09-13,cancelled
2165,1909,2,2025-10-27,2026-02-27,expired
2166,1910,5,2025-01-20,,active
2167,1911,3,2026-03-25,2026-08-09,cancelled
2168,1912,1,2023-10-18,,active
2169,1913,3,2026-03-13,,active
2170,1914,3,2023-04-16,2024-09-18,cancelled
2171,1915,2,2024-10-31,,active
2172,1916,4,2023-01-02,,active
2173,1917,2,2024-08-11,,active
2174,1918,2,2024-10-05,,active
2175,1919,2,2023-03-31,,active
2176,1920,1,2023-12-16,,active
2177,1921,1,2026-02-05,2026-07-25,expired
2178,1921,3,2026-08-27,,active
2179,1922,1,2025-11-28,,active
2180,1923,1,2025-06-27,2026-03-14,cancelled
2181,1924,1,2023-06-08,2024-05-16,expired
2182,1924,1,2024-05-28,,active
2183,1925,3,2025-08-16,2025-10-07,cancelled
2184,1926,1,2023-11-08,,active
2185,1927,1,2026-06-18,2026-08-14,cancelled
2186,1927,4,2026-09-14,,active
2187,1928,4,2024-03-20,,active
2188,1929,4,2023-10-25,2024-09-03,cancelled
2189,1929,1,2024-09-18,,active
2190,1930,3,2025-08-09,,active
2191,1931,1,2023-02-05,,active
2192,1932,1,2026-01-12,,active
2193,1933,3,2026-04-10,,active
2194,1934,3,2024-07-12,2025-10-12,cancelled
2195,1935,1,2025-06-09,,active
2196,1936,1,2023-05-21,,active
2197,1937,4,2025-06-05,,active
2198,1938,1,2026-02-15,,active
2199,1939,3,2024-12-26,,active
2200,1940,2,2026-05-28,2026-09-10,cancelled
2201,1941,4,2025-11-15,2026-08-03,expired
2202,1941,4,2026-08-18,2026-09-27,cancelled
2203,1942,5,2024-06-04,,active
2204,1943,2,2023-01-10,,active
2205,1944,3,2025-09-10,2025-10-20,cancelled
2206,1945,1,2024-01-13,2024-10-07,cancelled
2207,1946,4,2024-11-12,,active
2208,1947,1,2024-08-06,2025-06-05,cancelled
2209,1948,1,2023-06-01,,active
2210,1949,3,2024-12-20,2025-02-15,cancelled
2211,1950,2,2025-12-08,,active
2212,1951,1,2026-03-23,2026-09-08,expired
2213,1952,1,2025-05-08,,active
2214,1953,1,2023-02-19,,active
2215,1954,1,2024-10-25,,active
2216,1955,1,2024-06-14,2025-07-06,cancelled
2217,1955,1,2025-08-20,,active
2218,1956,3,2025-12-19,,active
2219,1957,3,2026-04-05,2026-07-30,expired
2220,1958,3,2026-05-10,2026-09-16,cancelled
2221,1959,1,2025-05-06,2025-06-20,cancelled
2222,1960,1,2023-05-26,2024-05-16,cancelled
2223,1961,1,2025-07-03,,active
2224,1962,3,2025-09-19,,active
2225,1963,3,2023-08-30,2023-10-12,expired
2226,1964,5,2024-08-03,,active
2227,1965,4,2024-11-17,2026-01-06,cancelled
2228,1966,1,2024-04-27,,active
2229,1967,2,2026-02-05,,active
2230,1968,3,2026-06-03,,active
2231,1969,3,2024-11-03,,active
2232,1970,2,2024-09-22,,active
2233,1971,3,2024-10-22,2025-06-02,expired
2234,1972,2,2024-10-23,,active
2235,1973,1,2025-03-15,,active
2236,1974,1,2024-02-23,,active
2237,1975,2,2025-09-14,,active
2238,1976,3,2026-03-29,,active
2239,1977,1,2024-10-11,,active
2240,1978,2,2025-08-26,2026-07-07,expired
2241,1979,2,2024-08-12,2025-10-11,expired
2242,1980,3,2026-01-05,2026-09-28,expired
2243,1981,1,2024-05-23,,active
2244,1982,1,2024-03-16,,active
2245,1983,4,2025-07-09,2026-08-21,expired
2246,1984,3,2025-02-08,,active
2247,1985,2,2023-09-20,,active
2248,1986,2,2024-09-28,,active
2249,1987,3,2026-04-05,,active
2250,1988,1,2024-04-03,2025-03-15,cancelled
2251,1989,3,2025-09-25,,active
2252,1990,3,2024-11-30,,active
2253,1991,4,2023-10-29,2024-02-02,cancelled
2254,1992,3,2026-05-26,,active
2255,1993,5,2026-01-30,,active
2256,1994,4,2024-07-07,,active
2257,1995,1,2023-10-15,2024-05-23,expired
2258,1996,4,2026-04-05,,active
2259,1997,3,2024-09-12,,active
2260,1998,1,2025-10-02,2025-11-12,expired
2261,1998,2,2025-11-22,,active
2262,1999,2,2023-02-05,2023-12-03,expired
2263,1999,4,2024-01-09,,active
2264,2000,2,2025-01-13,,active
